{"problem":"12.10.2","tabu_size":3,"reset_after":180,"iterations":1712,"solution":{"truck_routes":[[[0,12,7,1,11,3,0]]],"drone_routes":[[[0,8,10,2,0],[0,9,6,5,0],[0,4,0]]],"truck_working_time":[1623.4794669853356],"drone_working_time":[1670.9122410598095],"working_time":1670.9122410598095,"energy_violation":0.0,"capacity_violation":0.0,"waiting_time_violation":0.0,"fixed_time_violation":0.0,"feasible":true},"config":{"customers_count":12,"trucks_count":1,"drones_count":1,"x":[0.0,3570.0065891222307,-2268.705034973351,5092.70668683101,-5036.419360983599,4111.8164624539295,5177.138112768564,-2584.4105476321047,-2634.4511429892673,5981.5559803607075,-6280.616541605391,7056.231871623902,-835.6949447796089],"y":[0.0,548.219000911424,7546.107901670522,260.8961302251949,-2988.8916062054586,5606.920319247707,6802.9403854056145,4158.386347963583,191.19123848306631,7421.624574273642,5521.11061713128,-2549.892346046066,394.35755923777566],"demands":[0.0,0.38895620513786744,0.45050175757528405,0.4856019109629052,0.2058034434586905,0.9619017311903458,0.35315367290638056,22.280416755895477,1.0002332243083545,0.7568813768613513,0.4540515087415721,25.83973548545965,0.7155753135620317],"dronable":[true,true,true,true,true,true,true,false,true,true,true,false,true],"distances":[[0.0,3611.8542494591975,7879.769476283409,5099.385079483581,5856.53421515967,6953.027404469219,8548.84535630769,4896.055034172102,2641.379736893229,9532.026188993153,8362.3445629373,7502.823415391386,924.0692210317198],[3611.8542494591975,0.0,9113.780911165039,1549.570914666929,9304.929826797932,5087.633729640624,6457.895271057491,7135.135497444814,6214.721600578963,7284.179750823662,11034.691979855885,4663.910444948597,4408.3873864553825],[7879.769476283409,9113.780911165039,0.0,10356.866953510806,10892.495454272612,6668.695753965276,7482.838908997478,3402.400225748535,7364.004979490527,8251.200089680335,4494.001328375178,13743.495527481826,7293.905050045824],[5099.385079483581,1549.570914666929,10356.866953510806,0.0,10637.68371518779,5435.266346913676,6542.5890672137575,8609.79436624691,7727.472219224447,7215.68326051059,12530.855425977417,3428.6969842281596,5929.903697254917],[5856.53421515967,9304.929826797932,10892.495454272612,10637.68371518779,0.0,12553.015627290064,14149.08937075375,7556.184842558062,3985.270156380509,15158.31876450975,8600.474665125375,12100.617099301351,5393.742720631444],[6953.027404469219,5087.633729640624,6668.695753965276,5435.266346913676,12553.015627290064,0.0,1601.6785624092809,6851.109898152992,8651.141432232635,2605.5858070751583,10392.78726082848,8671.976415930481,7186.701583602059],[8548.84535630769,6457.895271057491,7482.838908997478,6542.5890672137575,14149.08937075375,1601.6785624092809,0.0,8199.713633092217,10234.068276228287,1014.8193096590057,11529.233681154281,9539.731309480525,8787.72412048748],[4896.055034172102,7135.135497444814,3402.400225748535,8609.79436624691,7556.184842558062,6851.109898152992,8199.713633092217,0.0,3967.510692848833,9166.488219615212,3939.410639126452,11744.913336949836,4150.4119051024845],[2641.379736893229,6214.721600578963,7364.004979490527,7727.472219224447,3985.270156380509,8651.141432232635,10234.068276228287,3967.510692848833,0.0,11247.877354102378,6457.752139634598,10070.892537758868,1810.1934743244074],[9532.026188993153,7284.179750823662,8251.200089680335,7215.68326051059,15158.31876450975,2605.5858070751583,1014.8193096590057,9166.488219615212,11247.877354102378,0.0,12408.578817082695,10029.261087611818,9790.678826155907],[8362.3445629373,11034.691979855885,4494.001328375178,12530.855425977417,8600.474665125375,10392.78726082848,11529.233681154281,3939.410639126452,6457.752139634598,12408.578817082695,0.0,15588.861870870312,7478.687592900256],[7502.823415391386,4663.910444948597,13743.495527481826,3428.6969842281596,12100.617099301351,8671.976415930481,9539.731309480525,11744.913336949836,10070.892537758868,10029.261087611818,15588.861870870312,0.0,8423.248564552323],[924.0692210317198,4408.3873864553825,7293.905050045824,5929.903697254917,5393.742720631444,7186.701583602059,8787.72412048748,4150.4119051024845,1810.1934743244074,9790.678826155907,7478.687592900256,8423.248564552323,0.0]],"truck":{"V_max (m/s)":15.6464,"M_t (kg)":400.0},"drone":{"config":"Endurance","_data":{"speed_type":"high","range_type":"high","capacity [kg]":2.27,"FixedTime (s)":700.0,"V_max (m/s)":31.2928}},"problem":"problems/data/12.10.2.txt","config":"endurance","tabu_size_factor":0.5,"speed_type":"high","range_type":"high","waiting_time_limit":3600.0,"strategy":"random","fix_iteration":null,"reset_after_factor":30.0,"max_elite_size":10,"penalty_exponent":0.4,"verbose":false,"outputs":"outputs/","disable_logging":true,"extra":"https://github.com/Serious-senpai/min-timespan-delivery-v2/actions/runs/14262331507"},"last_improved":93,"elapsed":0.048282}