{"problem":"10.5.1","tabu_size":2,"reset_after":150,"iterations":299,"solution":{"truck_routes":[[[0,7,3,5,4,2,0]]],"drone_routes":[[[0,6,8,10,0],[0,9,1,0]]],"truck_working_time":[1212.9464832192677],"drone_working_time":[752.0904273433774],"working_time":1212.9464832192677,"energy_violation":0.0,"capacity_violation":0.0,"waiting_time_violation":0.0,"fixed_time_violation":0.0,"feasible":true},"config":{"customers_count":10,"trucks_count":1,"drones_count":1,"x":[0.0,1849.1576052805228,-721.9226888252048,2119.047512996141,-3512.210631030338,-1410.449773199692,-2851.345081132037,2930.875737490242,3178.649808883007,470.93453825176533,2428.9961345534507],"y":[0.0,-445.67805595906043,-3372.3507642116756,3114.698067879787,-1565.6501492668906,289.3033028870841,974.9943701999066,2249.9458405192977,1344.8240943943968,-1006.4932600296229,-3946.885164873835],"demands":[0.0,0.8165535027848434,13.022596295340598,29.9817286040996,14.299322795748653,16.023803468362463,0.003325273341133147,9.666546535240217,0.8311017746946051,1.101474146129037,0.5857562604725083],"dronable":[true,true,false,false,false,false,true,false,true,true,true],"distances":[[0.0,1902.1074571985268,3448.756594124857,3767.1881312710157,3845.3717514203954,1439.814211549684,3013.4337214575294,3694.900387544847,3451.4296244274906,1111.2191601135492,4634.428198427155],[1902.1074571985268,0.0,3895.6215190864586,3570.590806223597,5477.098397428273,3341.4424818772477,4910.502586031302,2904.5657694079587,2230.122747711467,1487.9558177603465,3548.89615789822],[3448.756594124857,3895.6215190864586,0.0,7081.872226860354,3324.1350623067683,3725.8260900125383,4840.852140124692,6704.711437106151,6120.964340407719,2649.5641328875754,3202.870463984792],[3767.1881312710157,3570.590806223597,7081.872226860354,0.0,7322.344414080276,4521.084678626571,5411.389327485982,1186.1119174893115,2062.816256351903,4438.523891876271,7068.38212755312],[3845.3717514203954,5477.098397428273,3324.1350623067683,7322.344414080276,0.0,2803.2572149495954,2625.189107348089,7488.1329254686825,7296.469951244448,4022.2011220669774,6400.642001469165],[1439.814211549684,3341.4424818772477,3725.8260900125383,4521.084678626571,2803.2572149495954,0.0,1595.7291525237126,4763.530870073176,4708.923349936355,2284.4464668366436,5717.222893411885],[3013.4337214575294,4910.502586031302,4840.852140124692,5411.389327485982,2625.189107348089,1595.7291525237126,0.0,5921.112973671292,6041.32538426009,3868.3116599009472,7218.511031497051],[3694.900387544847,2904.5657694079587,6704.711437106151,1186.1119174893115,7488.1329254686825,4763.530870073176,5921.112973671292,0.0,938.4228075674295,4081.140320951327,6217.121331070004],[3451.4296244274906,2230.122747711467,6120.964340407719,2062.816256351903,7296.469951244448,4708.923349936355,6041.32538426009,938.4228075674295,0.0,3586.142117655851,5344.545585553644],[1111.2191601135492,1487.9558177603465,2649.5641328875754,4438.523891876271,4022.2011220669774,2284.4464668366436,3868.3116599009472,4081.140320951327,3586.142117655851,0.0,3532.6915756947815],[4634.428198427155,3548.89615789822,3202.870463984792,7068.38212755312,6400.642001469165,5717.222893411885,7218.511031497051,6217.121331070004,5344.545585553644,3532.6915756947815,0.0]],"truck":{"V_max (m/s)":15.6464,"M_t (kg)":400.0},"drone":{"config":"Endurance","_data":{"speed_type":"high","range_type":"high","capacity [kg]":2.27,"FixedTime (s)":700.0,"V_max (m/s)":31.2928}},"problem":"problems/data/10.5.1.txt","config":"endurance","tabu_size_factor":0.5,"speed_type":"high","range_type":"high","waiting_time_limit":3600.0,"strategy":"random","fix_iteration":null,"reset_after_factor":30.0,"max_elite_size":10,"penalty_exponent":0.4,"verbose":false,"outputs":"outputs/","disable_logging":true,"extra":"https://github.com/Serious-senpai/min-timespan-delivery-v2/actions/runs/14262331507"},"last_improved":0,"elapsed":0.00414}