{"problem":"12.10.4","tabu_size":3,"reset_after":180,"iterations":2004,"solution":{"truck_routes":[[[0,10,9,2,8,12,0]]],"drone_routes":[[[0,5,4,0],[0,7,1,11,0],[0,6,3,0]]],"truck_working_time":[1659.8550334100448],"drone_working_time":[1719.958304991703],"working_time":1719.958304991703,"energy_violation":0.0,"capacity_violation":0.0,"waiting_time_violation":0.0,"fixed_time_violation":0.0,"feasible":true},"config":{"customers_count":12,"trucks_count":1,"drones_count":1,"x":[0.0,3561.3567771757566,1292.180679933199,-4433.389024228097,-6891.468711440822,-6631.942089694278,-7289.59475592567,6429.8954642626695,7970.496112598523,2343.1665085721193,382.279345430082,3238.222415148031,3169.1964826221865],"y":[0.0,826.0936791180652,-7945.516232889404,-141.47472941621595,-4606.713559478366,-7435.121582213587,5321.858446887988,1242.1681025152866,-4136.212495777954,-6950.785876025881,-4423.998516350339,740.5552462099189,-2758.0391781838825],"demands":[0.0,0.041595729869424704,4.919604144363821,0.8390922170983849,0.020164296282655477,1.9942473709416373,0.05820390759652021,0.6611940317387042,0.7440670300901538,1.0012187097152956,0.6235514186252274,1.1199065475665826,12.784332745939846],"dronable":[true,true,false,true,true,true,true,true,true,true,true,true,false],"distances":[[0.0,3655.9120422973133,8049.904292393894,4435.64576349482,8289.399907101217,9963.116421248764,9025.539819552738,6548.781358104123,8979.81414569243,7335.111013560389,4440.484249562479,3321.822765087894,4201.260103095507],[3655.9120422973133,0.0,9060.369783222131,8053.083201746899,11780.363117799816,13120.63334536077,11745.426770485505,2898.5569038953918,6638.146748346519,7871.711576635447,6137.589215478087,334.264325687691,3605.523267906583],[8049.904292393894,9060.369783222131,0.0,9679.112160996056,8838.53611481636,7940.543077621777,15800.952519551121,10526.616581416763,7688.347805591725,1447.0866231382518,3637.170255353613,8901.399675063503,5516.620932839273],[4435.64576349482,8053.083201746899,9679.112160996056,0.0,5097.108352603719,7617.80283250963,6164.894206479804,10951.046404989776,13031.28145308761,9606.686378792005,6444.42951952947,7722.149892009977,8040.255960075203],[8289.399907101217,11780.363117799816,8838.53611481636,5097.108352603719,0.0,2840.289775791924,9936.551033074744,14548.819890208344,14869.41053579213,9527.49508905189,7276.042576965759,11454.428226689448,10229.104609646212],[9963.116421248764,13120.63334536077,7940.543077621777,7617.80283250963,2840.289775791924,0.0,12773.920560747889,15681.420744264919,14970.437622606354,8988.167523303277,7633.227656681787,12816.467491296893,10859.899498974837],[9025.539819552738,11745.426770485505,15800.952519551121,6164.894206479804,9936.551033074744,12773.920560747889,0.0,14313.220644139157,17953.425279653944,15601.534804485073,12403.200400499627,11481.43167919826,13216.317936670843],[6548.781358104123,2898.5569038953918,10526.616581416763,10951.046404989776,14548.819890208344,15681.420744264919,14313.220644139157,0.0,5594.678562504731,9155.645714627295,8287.285736205242,3230.8500909289437,5160.796075939246],[8979.81414569243,6638.146748346519,7688.347805591725,13031.28145308761,14869.41053579213,14970.437622606354,17953.425279653944,5594.678562504731,0.0,6291.952144219805,7593.672003660229,6795.386520049852,4995.181661375205],[7335.111013560389,7871.711576635447,1447.0866231382518,9606.686378792005,9527.49508905189,8988.167523303277,15601.534804485073,9155.645714627295,6291.952144219805,0.0,3198.395351983761,7743.245658927003,4273.3418293291425],[4440.484249562479,6137.589215478087,3637.170255353613,6444.42951952947,7276.042576965759,7633.227656681787,12403.200400499627,8287.285736205242,7593.672003660229,3198.395351983761,0.0,5901.612185144437,3246.8950777626083],[3321.822765087894,334.264325687691,8901.399675063503,7722.149892009977,11454.428226689448,12816.467491296893,11481.43167919826,3230.8500909289437,6795.386520049852,7743.245658927003,5901.612185144437,0.0,3499.2752857928253],[4201.260103095507,3605.523267906583,5516.620932839273,8040.255960075203,10229.104609646212,10859.899498974837,13216.317936670843,5160.796075939246,4995.181661375205,4273.3418293291425,3246.8950777626083,3499.2752857928253,0.0]],"truck":{"V_max (m/s)":15.6464,"M_t (kg)":400.0},"drone":{"config":"Endurance","_data":{"speed_type":"high","range_type":"high","capacity [kg]":2.27,"FixedTime (s)":700.0,"V_max (m/s)":31.2928}},"problem":"problems/data/12.10.4.txt","config":"endurance","tabu_size_factor":0.5,"speed_type":"high","range_type":"high","waiting_time_limit":3600.0,"strategy":"random","fix_iteration":null,"reset_after_factor":30.0,"max_elite_size":10,"penalty_exponent":0.4,"verbose":false,"outputs":"outputs/","disable_logging":true,"extra":"https://github.com/Serious-senpai/min-timespan-delivery-v2/actions/runs/14262331507"},"last_improved":205,"elapsed":0.055043}