{"problem":"10.5.2","tabu_size":2,"reset_after":150,"iterations":2082,"solution":{"truck_routes":[[[0,8,2,10,0]]],"drone_routes":[[[0,4,3,5,1,9,0],[0,6,7,0]]],"truck_working_time":[688.4925670807289],"drone_working_time":[709.20374541352],"working_time":709.20374541352,"energy_violation":0.0,"capacity_violation":0.0,"waiting_time_violation":0.0,"fixed_time_violation":0.0,"feasible":true},"config":{"customers_count":10,"trucks_count":1,"drones_count":1,"x":[0.0,1851.3201182197286,-1612.1442374570163,477.22150071350444,974.9017665365532,1275.4897449321859,-3758.011804005891,-3346.050645578277,527.4129350334723,1380.5319661514993,-3260.077897158004],"y":[0.0,3508.2033943944534,-3522.7949104294553,3215.2908427427274,2862.155399003923,3549.813778252409,1345.2648548293123,2979.000401881371,-1596.675031992935,-1436.7405275495685,-1460.6078815034302],"demands":[0.0,0.4232437573166837,0.6067701323951801,0.3573239624077718,0.028323581874561642,0.46585741374528133,0.7177901475472539,0.39863142438052424,0.392194880252515,0.41231547125325524,14.260345426262639],"dronable":[true,true,true,true,true,true,true,true,true,true,false],"distances":[[0.0,3966.721219920285,3874.157072617673,3250.5131232112394,3023.634730327623,3772.0090071071963,3991.5398342853277,4480.010972886581,1681.5277463753791,1992.5089342508697,3572.3218330727277],[3966.721219920285,0.0,7837.762595631486,1404.9714493709976,1088.800780453053,577.3318307916835,6011.897183055907,5224.243358005739,5273.757102662916,4967.304286562174,7128.4973989682685],[3874.157072617673,7837.762595631486,0.0,7054.590619231054,6889.150708230477,7639.386341812222,5320.033222762583,6729.024722447601,2878.826615213881,3647.9766649441526,2639.75390690993],[3250.5131232112394,1404.9714493709976,7054.590619231054,0.0,610.237895098545,865.5274600554227,4629.708234962103,3830.566939377645,4812.227629663797,4738.920306056373,5985.936490536596],[3023.634730327623,1088.800780453053,6889.150708230477,610.237895098545,0.0,750.4846296271685,4970.053097224533,4322.531955053472,4481.22919149463,4317.99051020007,6051.556422211493],[3772.0090071071963,577.3318307916835,7639.386341812222,865.5274600554227,750.4846296271685,0.0,5495.1045303003975,4656.657974531059,5200.573621004589,4987.660545080322,6758.379912710296],[3991.5398342853277,6011.897183055907,5320.033222762583,4629.708234962103,4970.053097224533,5495.1045303003975,0.0,1684.875020217972,5198.064590945969,5843.302664196712,2849.712264086357],[4480.010972886581,5224.243358005739,6729.024722447601,3830.566939377645,4322.531955053472,4656.657974531059,1684.875020217972,0.0,5995.041766867551,6468.334495166271,4440.440633920228],[1681.5277463753791,5273.757102662916,2878.826615213881,4812.227629663797,4481.22919149463,5200.573621004589,5198.064590945969,5995.041766867551,0.0,867.9810637147024,3789.9341779741785],[1992.5089342508697,4967.304286562174,3647.9766649441526,4738.920306056373,4317.99051020007,4987.660545080322,5843.302664196712,6468.334495166271,867.9810637147024,0.0,4640.671239597803],[3572.3218330727277,7128.4973989682685,2639.75390690993,5985.936490536596,6051.556422211493,6758.379912710296,2849.712264086357,4440.440633920228,3789.9341779741785,4640.671239597803,0.0]],"truck":{"V_max (m/s)":15.6464,"M_t (kg)":400.0},"drone":{"config":"Endurance","_data":{"speed_type":"high","range_type":"high","capacity [kg]":2.27,"FixedTime (s)":700.0,"V_max (m/s)":31.2928}},"problem":"problems/data/10.5.2.txt","config":"endurance","tabu_size_factor":0.5,"speed_type":"high","range_type":"high","waiting_time_limit":3600.0,"strategy":"random","fix_iteration":null,"reset_after_factor":30.0,"max_elite_size":10,"penalty_exponent":0.4,"verbose":false,"outputs":"outputs/","disable_logging":true,"extra":"https://github.com/Serious-senpai/min-timespan-delivery-v2/actions/runs/14262331507"},"last_improved":433,"elapsed":0.053099}