{"requests": [[3743.007144637955, -5009.275522462778, 0.5322860484590978, 1, 0.005214461786106785, 52.14461786106784, 412.14461786106784], [6980.5775493611445, -4489.410845993056, 24.73618368792729, 0, 0.1296280170891968, 1296.280170891968, 1656.280170891968], [2493.8233061166425, -7785.0878759983025, 0.21967587274140646, 1, 0.02336340237366154, 233.6340237366154, 593.6340237366154], [-122.23283145985745, -2819.253739799051, 0.5166462180032019, 1, 0.0, 0.0, 270.1773662466426], [-6320.614413064682, -7140.044049629824, 8.09227928014214, 0, 0.04294528488254767, 429.4528488254766, 789.4528488254766], [-2982.6030744846607, 4237.778676137429, 0.582249097386919, 1, 0.06604706726642035, 660.4706726642034, 1020.4706726642034], [-5843.128867044805, -1890.8468245877339, 0.32361355828941135, 1, 0.13006087482266626, 1300.6087482266626, 1660.6087482266626], [-5519.194096451929, 6272.267842186253, 0.45365710867237347, 1, 0.08373627687068202, 837.3627687068202, 1197.3627687068201], [-1717.6507469019675, 5188.634539505549, 0.4060545508062778, 1, 0.07110406538595716, 711.0406538595716, 1071.0406538595716], [5302.062839960972, -4790.906473425965, 0.4659934293517964, 1, 0.010245249512434317, 102.45249512434316, 462.45249512434316]], "truck_vel": 15.6464, "drone_vel": 31.2928, "truck_cap": 400.0, "drone_cap": 2.27, "drone_lim": 700.0, "truck_num": 1, "drone_num": 1, "close": 2961.217496453325}