{"requests": [[3734.3568530707857, -4731.400604445789, 0.18492555629303634, 1, 0.08936378732487384, 893.6378732487383, 1253.6378732487383], [-5551.936495921959, -3887.6347407426338, 0.59483516569088, 1, 0.013255167719071086, 132.55167719071085, 492.55167719071085], [-7032.272404942465, 7905.941264360283, 0.5731661957745049, 1, 0.049625538558232166, 496.25538558232165, 856.2553855823217], [-1977.282181917079, -4437.075693071958, 0.33100707082716685, 1, 0.02481256632684113, 248.1256632684113, 608.1256632684112], [-970.9727254025424, -4088.685951091122, 0.4704968263808817, 1, 0.028215618748021993, 282.1561874802199, 642.1561874802198], [644.0638170107587, 2756.6967376198013, 0.28729931517943985, 1, 0.05069149949736186, 506.9149949736186, 866.9149949736186], [3171.176905039622, -4807.065309846378, 0.1776916664169288, 1, 0.08754790606327549, 875.4790606327549, 1235.479060632755], [5085.753159135858, 1944.8638681148855, 0.1974909144541726, 1, 0.0651206062286588, 651.206062286588, 1011.206062286588], [-5356.040458500904, 6909.624089206022, 18.174247351897815, 0, 0.062088307828234, 620.88307828234, 980.88307828234], [-4128.441033193205, 1357.3841532820668, 0.6354933223378328, 1, 0.0, 0.0, 318.87737968017007]], "truck_vel": 15.6464, "drone_vel": 31.2928, "truck_cap": 400.0, "drone_cap": 2.27, "drone_lim": 700.0, "truck_num": 1, "drone_num": 1, "close": 2147.2757464974766}