{"requests": [[3738.682118759545, 3176.3620564508888, 0.9255958108248765, 1, 0.12424073038422487, 1242.4073038422487, 1602.4073038422487], [-7332.379353375232, -4188.522793367846, 0.7478413173478692, 1, 0.06529093445397065, 652.9093445397065, 1012.9093445397065], [5777.475570492262, -7986.273425724185, 0.9634110342579557, 1, 0.12377513484295286, 1237.7513484295284, 1597.7513484295284], [6996.942373406358, 4418.535163659321, 0.9908166528639936, 1, 0.09698366216562558, 969.8366216562558, 1329.8366216562558], [4400.906550671561, 2432.3349996395264, 10.776638065660618, 0, 0.11787472330159918, 1178.7472330159917, 1538.7472330159917], [-1169.2698685472992, 3497.237946688962, 27.380202204619298, 0, 0.005567902796246637, 55.679027962466364, 415.67902796246636], [6710.724138902582, -3348.9561871222304, 0.2506526123531701, 1, 0.005967030969785407, 59.670309697854066, 419.67030969785407], [-216.72058856320808, -3938.133905039083, 0.8925640200120823, 1, 0.042537896060589934, 425.37896060589935, 785.3789606058994], [-3536.845602701436, 6049.129314355786, 1.0952132256820593, 1, 0.027816018765158518, 278.16018765158515, 638.1601876515851], [586.8106635735363, 6329.938959833223, 0.5507433758448146, 1, 0.05423235983813729, 542.3235983813729, 902.3235983813729]], "truck_vel": 15.6464, "drone_vel": 31.2928, "truck_cap": 400.0, "drone_cap": 2.27, "drone_lim": 700.0, "truck_num": 1, "drone_num": 1, "close": 2844.8146076844973}