{"requests": [[7457.180783419839, 12365.565028717278, 0.3313452338148682, 1, 0.1716707393795343, 1716.707393795343, 2076.707393795343], [4372.908281111943, 14484.964686021034, 0.39082699164425894, 1, 0.14775296316052963, 1477.5296316052963, 1837.5296316052963], [-5308.138771549942, 15275.388049198684, 0.43083304400133293, 1, 0.08567311670059832, 856.7311670059833, 1216.7311670059833], [15029.90268926885, -11031.247643588258, 16.46729392771464, 0, 0.5097479731582629, 5097.479731582629, 5457.479731582629], [5190.910292617995, -4108.893957843279, 0.98509876057311, 1, 0.003156029927786435, 31.560299277864345, 391.5602992778644], [-4605.249524237464, 14267.551050423, 0.4686594772720725, 1, 0.0778199709476384, 778.199709476384, 1138.199709476384], [-3096.4381740610565, -2773.488440164049, 23.04758357722925, 0, 0.2905290770065761, 2905.2907700657606, 3265.2907700657606], [2853.5686862278444, -12609.076763164228, 0.02671344600949904, 1, 0.4301437825902939, 4301.437825902939, 4661.437825902939], [-4834.334345421083, -16072.899408401117, 0.8132834557938037, 1, 0.3762515424333478, 3762.5154243334778, 4122.515424333478], [11355.912129913753, -10545.376725123997, 30.64792895212494, 0, 0.48606215039727996, 4860.6215039727995, 5220.6215039727995]], "truck_vel": 15.6464, "drone_vel": 31.2928, "truck_cap": 400.0, "drone_cap": 2.27, "drone_lim": 700.0, "truck_num": 1, "drone_num": 1, "close": 10554.959463165258}