{"requests": [[7474.480407312787, 11809.815672303996, 0.678705709083311, 1, 0.40576395568797974, 4057.639556879797, 4417.639556879797], [-2748.8636283218516, 13281.413434761582, 0.6968392780606185, 1, 0.3397275762463808, 3397.2757624638075, 3757.2757624638075], [13744.05265056827, 16080.129768481507, 0.07734275476347206, 1, 0.454246150103899, 4542.46150103899, 4902.46150103899], [-13446.798609816706, -7795.603257421746, 0.7708801198858451, 1, 0.08133975655604563, 813.3975655604562, 1173.3975655604563], [-5508.373082706283, -10211.610634541377, 21.574849513260908, 0, 0.17888899567626654, 1788.8899567626652, 2148.889956762665], [-11858.584266469688, -14957.085072541744, 0.763609242581933, 1, 0.1282226089712233, 1282.226089712233, 1642.226089712233], [11061.749802149392, 3058.9480507325407, 0.9823189580752166, 1, 0.5392151041545784, 5392.151041545783, 5752.151041545783], [13830.474654672964, -3954.2692946421867, 8.545426573965736, 0, 0.5874048720812703, 5874.048720812703, 6234.048720812703], [2442.4450777767856, 12671.92197181863, 0.5689461060422407, 1, 0.37313439998346604, 3731.3439998346603, 4091.3439998346603], [-1969.8796441571928, 9344.841062218547, 0.9569866913424873, 1, 0.0125188682057978, 125.18868205797799, 485.188682057978]], "truck_vel": 15.6464, "drone_vel": 31.2928, "truck_cap": 400.0, "drone_cap": 2.27, "drone_lim": 700.0, "truck_num": 1, "drone_num": 1, "close": 12108.097441625407}