{"requests": [[1849.1576052805228, -445.67805595906043, 0.8165535027848434, 1, 0.051130623873773894, 511.3062387377389, 871.3062387377389], [-721.9226888252048, -3372.3507642116756, 13.022596295340598, 0, 0.08125279464232726, 812.5279464232726, 1172.5279464232726], [2119.047512996141, 3114.698067879787, 29.9817286040996, 0, 0.01319575304884292, 131.9575304884292, 491.9575304884292], [-3512.210631030338, -1565.6501492668906, 14.299322795748653, 0, 0.06000742789785717, 600.0742789785717, 960.0742789785717], [-1410.449773199692, 289.3033028870841, 16.023803468362463, 0, 0.04209111989761689, 420.91119897616886, 780.9111989761689], [-2851.345081132037, 974.9943701999066, 0.003325273341133147, 1, 0.0, 0.0, 276.2979893604129], [2930.875737490242, 2249.9458405192977, 9.666546535240217, 0, 0.005615019349785555, 56.150193497855554, 416.1501934978555], [3178.649808883007, 1344.8240943943968, 0.8311017746946051, 1, 0.010935598941985439, 109.35598941985438, 469.3559894198544], [470.93453825176533, -1006.4932600296229, 1.101474146129037, 1, 0.046375677631314456, 463.75677631314454, 823.7567763131445], [2428.9961345534507, -3946.885164873835, 0.5857562604725083, 1, 0.028014753206077003, 280.14753206077, 640.14753206077]], "truck_vel": 15.6464, "drone_vel": 31.2928, "truck_cap": 400.0, "drone_cap": 2.27, "drone_lim": 700.0, "truck_num": 1, "drone_num": 1, "close": 1985.0558928465452}