{"requests": [[1870.061777121, 223.90813837489196, 0.03850587877120433, 1, 0.018429896475282984, 184.29896475282982, 544.2989647528298], [1401.5365537052292, 537.8239678469336, 0.7988433735327384, 1, 0.02023212327140865, 202.32123271408648, 562.3212327140865], [2341.462407850194, -3959.605747939388, 0.715499330650058, 1, 0.04184233182324397, 418.42331823243967, 778.4233182324397], [2311.94190595536, -1679.263902080068, 0.0767731689445235, 1, 0.034554607749779406, 345.54607749779404, 705.546077497794], [-2268.700178651869, -3061.462341725128, 29.688702175342716, 0, 0.006353544673567519, 63.53544673567518, 423.5354467356752], [1795.3761980701236, -810.1909050807747, 0.10593916998442596, 1, 0.03132382154903779, 313.23821549037785, 673.2382154903778], [3945.2865684600592, 3933.0068001946343, 0.6529662666311234, 1, 0.004381002686554262, 43.810026865542625, 403.8100268655426], [-3674.339252231449, -2949.56670128371, 0.3682683828988461, 1, 0.01536575039557655, 153.6575039557655, 513.6575039557655], [3899.2428880440184, 2881.148821401129, 0.4875003284242591, 1, 0.007745563374207058, 77.45563374207057, 437.4556337420706], [1079.2808144231813, 3993.7285743734137, 0.14450006034714186, 1, 0.0, 0.0, 312.2027263072044]], "truck_vel": 15.6464, "drone_vel": 31.2928, "truck_cap": 400.0, "drone_cap": 2.27, "drone_lim": 700.0, "truck_num": 1, "drone_num": 1, "close": 1196.8466364648793}