{"requests": [[1851.3201182197286, 3508.2033943944534, 0.4232437573166837, 1, 0.0, 0.0, 342.2332266934654], [-1612.1442374570163, -3522.7949104294553, 0.6067701323951801, 1, 0.01114634907447886, 111.4634907447886, 471.4634907447886], [477.22150071350444, 3215.2908427427274, 0.3573239624077718, 1, 0.0, 0.0, 296.1248793788401], [974.9017665365532, 2862.155399003923, 0.028323581874561642, 1, 0.0, 0.0, 276.6239751740855], [1275.4897449321859, 3549.813778252409, 0.46585741374528133, 1, 0.0, 0.0, 323.7838763383778], [-3758.011804005891, 1345.2648548293123, 0.7177901475472539, 1, 0.03321972137798997, 332.1972137798997, 692.1972137798997], [-3346.050645578277, 2979.000401881371, 0.39863142438052424, 1, 0.038603947206992076, 386.03947206992075, 746.0394720699207], [527.4129350334723, -1596.675031992935, 0.392194880252515, 1, 0.0, 0.0, 287.470584056101], [1380.5319661514993, -1436.7405275495685, 0.41231547125325524, 1, 0.014096955858329865, 140.96955858329864, 500.96955858329864], [-3260.077897158004, -1460.6078815034302, 14.260345426262639, 0, 0.0280176671215052, 280.176671215052, 640.176671215052]], "truck_vel": 15.6464, "drone_vel": 31.2928, "truck_cap": 400.0, "drone_cap": 2.27, "drone_lim": 700.0, "truck_num": 1, "drone_num": 1, "close": 1132.0789441398415}