{"requests": [[3570.0065891222307, 548.219000911424, 0.38895620513786744, 1, 0.06003467010672755, 600.3467010672755, 960.3467010672755], [-2268.705034973351, 7546.107901670522, 0.45050175757528405, 1, 0.02543853284111043, 254.3853284111043, 614.3853284111043], [5092.70668683101, 260.8961302251949, 0.4856019109629052, 1, 0.11175651940865487, 1117.5651940865487, 1477.5651940865487], [-5036.419360983599, -2988.8916062054586, 0.2058034434586905, 1, 0.130375947060911, 1303.7594706091097, 1663.7594706091097], [4111.8164624539295, 5606.920319247707, 0.9619017311903458, 1, 0.08944141381483235, 894.4141381483234, 1254.4141381483234], [5177.138112768564, 6802.9403854056145, 0.35315367290638056, 1, 0.08432305252274828, 843.2305252274828, 1203.2305252274828], [-2584.4105476321047, 4158.386347963583, 22.280416755895477, 0, 0.014432259983984841, 144.3225998398484, 504.3225998398484], [-2634.4511429892673, 191.19123848306631, 1.0002332243083545, 1, 0.0, 0.0, 264.40854563647963], [5981.5559803607075, 7421.624574273642, 0.7568813768613513, 1, 0.08108007231752853, 810.8007231752853, 1170.8007231752854], [-6280.616541605391, 5521.11061713128, 0.4540515087415721, 1, 0.011077397601134534, 110.77397601134533, 470.7739760113453], [7056.231871623902, -2549.892346046066, 25.83973548545965, 0, 0.08984287164157645, 898.4287164157645, 1258.4287164157645], [-835.6949447796089, 394.35755923777566, 0.7155753135620317, 1, 0.0, 0.0, 239.05954219703702]], "truck_vel": 15.6464, "drone_vel": 31.2928, "truck_cap": 400.0, "drone_cap": 2.27, "drone_lim": 700.0, "truck_num": 1, "drone_num": 1, "close": 2967.5189412182194}