{"requests": [[3565.6815632438206, -7359.543420174908, 0.7822659506060272, 1, 0.012676252983163716, 126.76252983163715, 486.76252983163715], [-488.26217752007517, 7846.995954295731, 0.2974956228159137, 1, 0.12058365859973033, 1205.8365859973032, 1565.8365859973032], [-7717.0412886037175, 59.710820309663234, 0.09535707247945445, 1, 0.07005239936224113, 700.5239936224112, 1060.5239936224111], [2082.755843882615, 4248.8975370632625, 0.6799738614218636, 1, 0.012242823674273973, 122.42823674273973, 482.4282367427397], [-1260.0628136201753, -914.1006314829413, 29.020164585423153, 0, 0.1310733245843449, 1310.733245843449, 1670.733245843449], [6990.471798326622, 6062.399416146801, 21.37790208322919, 0, 0.052119683532779744, 521.1968353277974, 881.1968353277974], [-6123.957541684717, 2700.2769854290887, 0.7341549607773268, 1, 0.06019738240223483, 601.9738240223483, 961.9738240223483], [2668.0223648994547, 6074.189491257728, 0.3051601356480635, 1, 0.024493740741321747, 244.93740741321744, 604.9374074132174], [4162.36112456124, -7811.28041106577, 0.3120600517371328, 1, 0.010284669345305725, 102.84669345305724, 462.84669345305724], [5097.5315218175165, 548.55605039047, 0.5388014721322091, 1, 0.0893788922100738, 893.7889221007379, 1253.7889221007379], [-2899.4729765192064, -904.668669823247, 0.46444714019597105, 1, 0.0857529593709944, 857.529593709944, 1217.529593709944], [1166.7508888264617, 6864.859070621775, 0.5801226328485702, 1, 0.12673360309364465, 1267.3360309364464, 1627.3360309364464]], "truck_vel": 15.6464, "drone_vel": 31.2928, "truck_cap": 400.0, "drone_cap": 2.27, "drone_lim": 700.0, "truck_num": 1, "drone_num": 1, "close": 2981.466491686898}