{"requests": [[3568.5651536397745, 3276.764780612532, 0.14206613719153952, 1, 0.0, 0.0, 334.82075710338677], [3689.242504240958, 2281.9374124191577, 11.600872619146479, 0, 0.13263631040016519, 1326.3631040016517, 1686.3631040016517], [6187.2574416228845, 193.83420037978595, 20.352037144472646, 0, 0.11182767024518854, 1118.2767024518853, 1478.2767024518853], [-2663.361039298311, 4788.171601424347, 1.119846910480542, 1, 0.05461990345456102, 546.1990345456102, 906.1990345456102], [-3043.2766295707715, -1931.2199976625066, 0.24006722318721227, 1, 0.14933107126086048, 1493.3107126086047, 1853.3107126086047], [417.1158480810174, -4172.839857743874, 0.11499870920513398, 1, 0.06557942651967971, 655.7942651967971, 1015.7942651967971], [-3764.2595456496424, -7056.583439547914, 11.7397990138131, 0, 0.033115997523893964, 331.15997523893964, 691.1599752389396], [4497.506772910422, 2152.190736011403, 0.3905488614215909, 1, 0.0021433053175251163, 21.43305317525116, 381.4330531752512], [-5353.775398428767, 7708.456245827172, 0.23061425722153267, 1, 0.06730873796528636, 673.0873796528635, 1033.0873796528635], [-7852.36726706787, 3863.5921884073296, 0.8602948411368635, 1, 0.1252666910086561, 1252.6669100865608, 1612.6669100865608], [-1626.802917883569, 3362.9821327580903, 0.783460902410801, 1, 0.04898833229158734, 489.88332291587335, 849.8833229158734], [5196.253746359196, -2813.2753502376745, 0.6704244256234174, 1, 0.018167404705413368, 181.67404705413367, 541.6740470541337]], "truck_vel": 15.6464, "drone_vel": 31.2928, "truck_cap": 400.0, "drone_cap": 2.27, "drone_lim": 700.0, "truck_num": 1, "drone_num": 1, "close": 3346.6214252172094}