{"requests": [[3561.3567771757566, 826.0936791180652, 0.041595729869424704, 1, 0.07959479613886075, 795.9479613886075, 1155.9479613886074], [1292.180679933199, -7945.516232889404, 4.919604144363821, 0, 0.040070650275363606, 400.7065027536361, 760.7065027536361], [-4433.389024228097, -141.47472941621595, 0.8390922170983849, 1, 0.1398211776605147, 1398.211776605147, 1758.211776605147], [-6891.468711440822, -4606.713559478366, 0.020164296282655477, 1, 0.022914862834392216, 229.14862834392216, 589.1486283439222], [-6631.942089694278, -7435.121582213587, 1.9942473709416373, 1, 0.01383836672093505, 138.3836672093505, 498.3836672093505], [-7289.59475592567, 5321.858446887988, 0.05820390759652021, 1, 0.12012049825029956, 1201.2049825029956, 1561.2049825029956], [6429.8954642626695, 1242.1681025152866, 0.6611940317387042, 1, 0.07033210023470583, 703.3210023470583, 1063.3210023470583], [7970.496112598523, -4136.212495777954, 0.7440670300901538, 1, 0.08920877665326347, 892.0877665326348, 1252.0877665326348], [2343.1665085721193, -6950.785876025881, 1.0012187097152956, 1, 0.030821962889522447, 308.21962889522445, 668.2196288952244], [382.279345430082, -4423.998516350339, 0.6235514186252274, 1, 0.010380229634692194, 103.80229634692193, 463.80229634692193], [3238.222415148031, 740.5552462099189, 1.1199065475665826, 1, 0.08066297899781774, 806.6297899781773, 1166.6297899781773], [3169.1964826221865, -2758.0391781838825, 12.784332745939846, 0, 0.12113421420679148, 1211.3421420679147, 1571.3421420679147]], "truck_vel": 15.6464, "drone_vel": 31.2928, "truck_cap": 400.0, "drone_cap": 2.27, "drone_lim": 700.0, "truck_num": 1, "drone_num": 1, "close": 3156.423553210294}