{"requests": [[1783.5617391734854, 3002.655400061992, 28.09786857150693, 0, 0.004320948814661469, 43.20948814661469, 403.2094881466147], [-3223.1048583671923, -1491.1166583212776, 0.34849766210316413, 1, 0.028170868698662248, 281.70868698662247, 641.7086869866225], [3640.904098207378, 63.38625517236301, 26.847324221717177, 0, 0.03327863326531397, 332.78633265313965, 692.7863326531397], [-145.1512389013372, -1764.0827153780979, 0.8999103944000121, 1, 0.060147617598108584, 601.4761759810858, 961.4761759810858], [2947.5151392022635, 3312.019842713638, 0.6522127151840789, 1, 0.012018339340218415, 120.18339340218415, 480.18339340218415], [-2171.4530883980906, 472.38982964814517, 1.0108237455038875, 1, 0.020367074146703242, 203.67074146703243, 563.6707414670325], [-2472.0543917387636, -1089.0766135297067, 0.0024885981576613027, 1, 0.025448555885383743, 254.4855588538374, 614.4855588538373], [-2231.9677755001176, 2056.594996864696, 0.9148444816372084, 1, 0.0, 0.0, 276.98736712714447], [-297.8536284194681, 3997.64395869035, 0.8383271544793327, 1, 0.00045525099135383586, 4.552509913538358, 364.55250991353836], [3334.6411236399986, 1103.0369997468633, 0.13255813973691757, 1, 0.02635165801904855, 263.5165801904855, 623.5165801904855], [2891.780906494132, -3408.771574313702, 0.6239540213033861, 1, 0.06029732802932706, 602.9732802932706, 962.9732802932706], [-2432.5989011561724, -3010.454009951388, 0.6252735207871846, 1, 0.03364396077877633, 336.4396077877633, 696.4396077877633]], "truck_vel": 15.6464, "drone_vel": 31.2928, "truck_cap": 400.0, "drone_cap": 2.27, "drone_lim": 700.0, "truck_num": 1, "drone_num": 1, "close": 1565.9465605865412}