{"requests": [[1861.4118452693529, 501.78281658153236, 0.47776491133670007, 1, 0.021347524398644947, 213.47524398644947, 573.4752439864494], [-3084.2777313882216, 1139.5999531921816, 0.1868188007000192, 1, 0.02288483886956308, 228.84838869563077, 588.8483886956308], [862.0665768859126, 3684.7235123243745, 0.2884999260233985, 1, 0.007878576007228617, 78.78576007228617, 438.78576007228617], [456.89255549813885, -3297.085735447802, 0.8394748914900724, 1, 0.0, 0.0, 298.22980988467833], [3080.941269199922, -10.104123281251443, 0.3657206778677196, 1, 0.0, 0.0, 278.5303893621418], [-2624.65667062411, -2291.2728435983995, 0.6500196393647053, 1, 0.015593687092829794, 155.93687092829794, 515.9368709282979], [-3133.8076594555127, 1016.7885547463385, 0.36112249978377714, 1, 0.02330801291978754, 233.0801291978754, 593.0801291978754], [-1116.0919966436595, 769.7295644552693, 0.9899159944624443, 1, 0.0, 0.0, 284.3290745055317], [260.85329635025744, -3444.5616288983965, 0.9761750110297666, 1, 0.0, 0.0, 290.3903962373117], [-304.5231786361719, 2095.3193209866195, 0.4834998632168338, 1, 0.0023667883642356515, 23.667883642356514, 383.6678836423565], [-2979.632906076458, -836.001943005534, 0.8409963022280292, 1, 0.02038053611721075, 203.8053611721075, 563.8053611721075], [1756.8766934604148, 1221.017466179754, 0.9656500095741817, 1, 0.01670241987666494, 167.02419876664942, 527.0241987666494], [3373.7689839404006, 1902.9407184832373, 0.07037853929879413, 1, 0.0, 0.0, 340.376133228954], [-867.2306350701465, -1622.762462523977, 9.245795001443978, 0, 0.0212494115324429, 212.494115324429, 572.494115324429], [-735.5268088855075, -1375.7954150652154, 1.0043125781228082, 1, 0.02303825990678235, 230.3825990678235, 590.3825990678235], [-3257.240663860033, -892.350929642054, 0.19540587526339456, 1, 0.021285756839496923, 212.85756839496923, 572.8575683949692], [-1052.8066147600853, 964.3544478921717, 0.32579322280821466, 1, 0.0, 0.0, 271.2490351866661], [872.6776204633704, 1525.5495356017636, 13.54654982605839, 0, 0.010725501257923606, 107.25501257923605, 467.25501257923605], [-1299.6999946961328, -3750.791287402377, 1.051582626439987, 1, 0.007370636912397078, 73.70636912397077, 433.7063691239708], [1859.6835366593295, -64.77070829555292, 0.8251256519991035, 1, 0.0, 0.0, 239.4645139026252]], "truck_vel": 15.6464, "drone_vel": 31.2928, "truck_cap": 400.0, "drone_cap": 2.27, "drone_lim": 700.0, "truck_num": 2, "drone_num": 2, "close": 826.1602583957508}