{"requests": [[3712.7319634890814, 4009.9860910708107, 1.017494334326692, 1, 0.016927075967163224, 169.27075967163222, 529.2707596716323], [3350.278270965108, -2383.1947174269253, 0.9637844580987901, 1, 0.05702177654375784, 570.2177654375784, 930.2177654375784], [-6707.411802495408, 6900.014235161928, 0.8899019526643945, 1, 0.01275105779015841, 127.5105779015841, 487.5105779015841], [1431.7943220346929, -434.9304563490527, 0.4338992282335076, 1, 0.04828403185714575, 482.8403185714575, 842.8403185714575], [4356.431134037283, -4506.99022512367, 0.98277905425531, 1, 0.07151641629466787, 715.1641629466787, 1075.1641629466787], [-6382.668474630001, -946.0081086742612, 0.11691491035359838, 1, 0.08846186342048121, 884.618634204812, 1244.618634204812]], "truck_vel": 15.6464, "drone_vel": 31.2928, "truck_cap": 400.0, "drone_cap": 2.27, "drone_lim": 700.0, "truck_num": 1, "drone_num": 1, "close": 2129.237268409624}