{"requests": [[3714.173638781885, 1281.4403113697058, 0.13040440227301978, 1, 0.00711131675133583, 71.11316751335829, 431.1131675133583], [-2607.669508059546, 2880.9755320140907, 1.0147864973860408, 1, 0.06165062796424745, 616.5062796424745, 976.5062796424745], [-7801.962557287281, 6967.076165007338, 0.6419902321588782, 1, 0.015806769117335716, 158.06769117335716, 518.0676911733572], [-941.2642394609439, 7881.40657583149, 0.6538357612116562, 1, 0.07849408410655434, 784.9408410655434, 1144.9408410655433], [-4581.875773938015, 3031.1498519761976, 0.5706335791560622, 1, 0.0, 0.0, 355.5600363459277], [-1622.6464497528034, -6063.627865524772, 0.3550698571572261, 1, 0.06513865291634038, 651.3865291634038, 1011.3865291634038]], "truck_vel": 15.6464, "drone_vel": 31.2928, "truck_cap": 400.0, "drone_cap": 2.27, "drone_lim": 700.0, "truck_num": 1, "drone_num": 1, "close": 1929.8816821310868}