{"requests": [[7416.813875221343, -7795.553139651736, 0.27682407979485174, 1, 0.01638522967754932, 163.8522967754932, 523.8522967754932], [10261.442256836766, -4164.613809224125, 0.8107783233394198, 1, 0.32119989385436765, 3211.998938543676, 3571.998938543676], [-6847.520035480966, 13397.657370872095, 0.4996570803857062, 1, 0.16449701238739228, 1644.9701238739228, 2004.9701238739228], [-15084.860466577491, 13605.716894218642, 24.925405173070647, 0, 0.11183334786582266, 1118.3334786582266, 1478.3334786582266], [-2030.8958044529454, 10130.77716867067, 1.0852354964506716, 1, 0.08378871532119975, 837.8871532119974, 1197.8871532119974], [-9138.670057764586, -3373.0976762454534, 0.5364300023522399, 1, 0.14793652133116492, 1479.365213311649, 1839.365213311649]], "truck_vel": 15.6464, "drone_vel": 31.2928, "truck_cap": 400.0, "drone_cap": 2.27, "drone_lim": 700.0, "truck_num": 1, "drone_num": 1, "close": 6783.997877087352}