{"requests": [[7413.930524635734, -2338.4615802495214, 0.02993399495090497, 1, 0.07569399796811722, 756.9399796811722, 1116.9399796811722], [-10009.462664734612, -14692.955267347552, 0.7597762840521691, 1, 0.4916951783064851, 4916.951783064851, 5276.951783064851], [-4658.418525897223, 13263.533990801969, 0.7475688177888413, 1, 0.0718469694469685, 718.469694469685, 1078.469694469685], [-10338.743823206909, -3026.9566905217494, 0.6881331470137697, 1, 0.01642564292898058, 164.2564292898058, 524.2564292898057], [15845.718011497645, -4945.502985529066, 0.3634009715499195, 1, 0.2719771395933632, 2719.771395933632, 3079.771395933632], [13528.085412860322, 6862.141837455571, 0.29827505554861233, 1, 0.19507158640055333, 1950.7158640055331, 2310.715864005533]], "truck_vel": 15.6464, "drone_vel": 31.2928, "truck_cap": 400.0, "drone_cap": 2.27, "drone_lim": 700.0, "truck_num": 1, "drone_num": 1, "close": 10193.903566129702}