{"requests": [[1857.8075371321709, -723.5527341657008, 0.3772944871169665, 1, 0.0, 0.0, 348.01090081307717], [3763.891476363072, -3974.1268694620985, 29.057640103557844, 0, 0.016983282674959077, 169.83282674959077, 529.8328267495908], [3598.4433439604213, 3517.0689275211994, 0.3940784947557429, 1, 0.03193540253141671, 319.3540253141671, 679.3540253141671], [-1657.1612805731172, 52.171804006016046, 0.873772277292186, 1, 0.0, 0.0, 232.98286922589568], [1286.6086590433426, -2762.054795651618, 0.15848808715919574, 1, 0.005566277244495061, 55.662772444950605, 415.66277244495063], [1568.6879074673716, 2456.076308717532, 0.593224803960854, 1, 0.02461637000755576, 246.16370007555759, 606.1637000755576]], "truck_vel": 15.6464, "drone_vel": 31.2928, "truck_cap": 400.0, "drone_cap": 2.27, "drone_lim": 700.0, "truck_num": 1, "drone_num": 1, "close": 998.7080506283341}