{"requests": [[1859.2493323301476, -3452.0983939616335, 0.87107465680486, 1, 0.014776395002837365, 147.76395002837364, 507.76395002837364], [-2194.0561827564106, 1290.043859599614, 0.03381264904302997, 1, 0.036250233138358845, 362.5023313835884, 722.5023313835884], [2503.892589168549, 3584.1307374614344, 1.032235070642329, 1, 0.009943324596355559, 99.43324596355558, 459.4332459635556], [4016.48027783642, 321.80871628138465, 5.841211550392645, 0, 0.03292575884879528, 329.2575884879527, 689.2575884879527], [395.0017510680439, -3270.614478741402, 0.46817712006308154, 1, 0.019491382440011622, 194.9138244001162, 554.9138244001163], [-1717.989947750256, -2661.5433282278054, 1.0695347313633468, 1, 0.0, 0.0, 281.2326967865847]], "truck_vel": 15.6464, "drone_vel": 31.2928, "truck_cap": 400.0, "drone_cap": 2.27, "drone_lim": 700.0, "truck_num": 1, "drone_num": 1, "close": 1085.0046627671768}