{"problem":"12.5.2","tabu_size":3,"reset_after":180,"iterations":2089,"solution":{"truck_routes":[[[0,10,4,2,12,7,3,0]]],"drone_routes":[[[0,5,1,9,11,6,8,0]]],"truck_working_time":[678.4112770908401],"drone_working_time":[682.5606451824856],"working_time":682.5606451824856,"energy_violation":0.0,"capacity_violation":0.0,"waiting_time_violation":0.0,"fixed_time_violation":0.0,"feasible":true},"config":{"customers_count":12,"trucks_count":1,"drones_count":1,"x":[0.0,1787.8866451467225,3043.1522841795327,357.25195373693276,782.3734363272736,272.6944152763678,-3984.7866540509726,1067.4928421241964,512.2587166111622,1521.3412273799986,3.1930602170885023,-3245.9142453627574,3611.6552652377572],"y":[0.0,2863.717941053499,-1792.004710946488,264.5716849930684,-955.1717387416446,1786.3407934442869,1212.9307989069575,369.03262909961444,-3826.4030160996194,3137.1491838401125,-1971.1084335123269,2992.70450965313,-1434.2556412405588],"demands":[0.0,0.24253652761603545,0.6545099485195238,0.6279350627360772,1.0855495246784284,0.4472998138957363,0.17179351081374777,0.14841049003014375,0.037030675855409416,0.5939898216253884,1.0970382467508808,0.4470152572550198,0.8961788822141076],"dronable":[true,true,true,true,true,true,true,true,true,true,true,true,true],"distances":[[0.0,3376.0063835552346,3531.5799168023245,444.55273584685875,1234.690748471569,1807.0350506966058,4165.30020541615,1129.4804333526845,3860.5399925865786,3486.5719742742676,1971.1110197797,4415.001650095622,3886.018913920773],[3376.0063835552346,0.0,4821.975242251068,2966.863138174415,3949.047378742909,1859.1796609392165,6004.069886997181,2596.6174221690244,6810.649384118909,381.8522021204923,5153.705197650164,5035.453201070697,4668.908747633261],[3531.5799168023245,4821.975242251068,0.0,3382.8341752748393,2410.6867117618954,4525.48266510448,7643.399972386288,2928.0219630419333,3247.1831969214313,5158.727266592723,3045.230734573537,7902.265506720215,671.6993645579441],[444.55273584685875,2966.863138174415,3382.8341752748393,0.0,1291.7051887733085,1524.1165299106647,4444.399203544194,717.8817509734874,4093.910245903927,3099.484686829922,2263.5422002606438,4519.459632226201,3671.124514132642],[1234.690748471569,3949.047378742909,2410.6867117618954,1291.7051887733085,0.0,2788.487702793743,5237.030068755901,1354.5516909191242,2883.9089808601834,4158.505011372928,1280.3317641520841,5640.286208969828,2869.5569436825326],[1807.0350506966058,1859.1796609392165,4525.48266510448,1524.1165299106647,2788.487702793743,0.0,4295.9217960195665,1624.9513752841492,5617.854049906198,1839.5113940773297,3767.1017604433837,3719.666695083024,4639.062507951324],[4165.30020541615,6004.069886997181,7643.399972386288,4444.399203544194,5237.030068755901,4295.9217960195665,0.0,5122.274126642989,6754.132243661097,5832.6718268377035,5103.144916127579,1927.0513479884041,8044.471759042226],[1129.4804333526845,2596.6174221690244,2928.0219630419333,717.8817509734874,1354.5516909191242,1624.9513752841492,5122.274126642989,0.0,4232.016680867708,2805.075331863247,2570.796417200332,5048.676543331917,3118.430858802151],[3860.5399925865786,6810.649384118909,3247.1831969214313,4093.910245903927,2883.9089808601834,5617.854049906198,6754.132243661097,4232.016680867708,0.0,7036.285010914851,1923.8674150516936,7786.147408050378,3915.179182193778],[3486.5719742742676,381.8522021204923,5158.727266592723,3099.484686829922,4158.505011372928,1839.5113940773297,5832.6718268377035,2805.075331863247,7036.285010914851,0.0,5329.077757238988,4769.443259574093,5026.64449226679],[1971.1110197797,5153.705197650164,3045.230734573537,2263.5422002606438,1280.3317641520841,3767.1017604433837,5103.144916127579,2570.796417200332,1923.8674150516936,5329.077757238988,0.0,5932.6332448508265,3648.1790533953535],[4415.001650095622,5035.453201070697,7902.265506720215,4519.459632226201,5640.286208969828,3719.666695083024,1927.0513479884041,5048.676543331917,7786.147408050378,4769.443259574093,5932.6332448508265,0.0,8162.367044572209],[3886.018913920773,4668.908747633261,671.6993645579441,3671.124514132642,2869.5569436825326,4639.062507951324,8044.471759042226,3118.430858802151,3915.179182193778,5026.64449226679,3648.1790533953535,8162.367044572209,0.0]],"truck":{"V_max (m/s)":15.6464,"M_t (kg)":400.0},"drone":{"config":"Endurance","_data":{"speed_type":"high","range_type":"high","capacity [kg]":2.27,"FixedTime (s)":700.0,"V_max (m/s)":31.2928}},"problem":"problems/data/12.5.2.txt","config":"endurance","tabu_size_factor":0.5,"speed_type":"high","range_type":"high","waiting_time_limit":3600.0,"strategy":"random","fix_iteration":null,"reset_after_factor":30.0,"max_elite_size":10,"penalty_exponent":0.4,"verbose":false,"outputs":"outputs/","disable_logging":true,"extra":"https://github.com/Serious-senpai/min-timespan-delivery-v2/actions/runs/14262331507"},"last_improved":110,"elapsed":0.075814}