{"problem":"20.5.2","tabu_size":2,"reset_after":150,"iterations":1712,"solution":{"truck_routes":[[[0,18,15,12,7,0]],[[0,20,4,17,1,0]]],"drone_routes":[[[0,16,13,9,8,0],[0,6,2,0]],[[0,3,14,0],[0,19,10,11,5,0]]],"truck_working_time":[712.1069823768553,701.6214265985253],"drone_working_time":[709.3012090562643,682.1402927984985],"working_time":712.1069823768553,"energy_violation":0.0,"capacity_violation":0.0,"waiting_time_violation":0.0,"fixed_time_violation":0.0,"feasible":true},"config":{"customers_count":20,"trucks_count":2,"drones_count":2,"x":[0.0,1865.73675124259,3181.9794111585034,-2421.5855675845332,1384.4172307267488,406.1205452740268,3608.7096438178323,405.7394545022735,1628.1343755624457,2080.0481521497254,-3635.9712420590818,-1070.6281778385223,-245.56926005082974,1136.3113325700049,-3519.9211085326224,-1268.0134658576123,-1650.2466658135713,2098.31535339947,-3756.0825593522595,-2102.0757025743565,2768.890376221323],"y":[0.0,362.8454774782118,838.711900566971,3885.9088222399064,-2488.174878716521,-1535.783292455777,-1550.731874339587,2474.897677470486,2933.4313116806056,3741.6435962513647,-978.8259923673963,-2481.2258590387005,2797.215954795756,2190.203844165631,1806.28514591327,2674.33023186645,3108.5705857039998,-1154.864207278798,2173.11256252809,330.06758761568955,-3389.9662662884084],"demands":[0.0,22.75226512905474,0.4928310702187601,1.068989619887919,1.0251140386661073,0.1608077934769958,0.9449693877769467,14.418542618676392,0.11210218868064521,0.7318376612782035,0.3139999533331784,0.6640575381796631,3.8214547202289504,1.111889515927706,0.4557356539169737,1.087140652652774,0.2542422322195165,29.819234898967906,15.203843757709423,0.975698551963657,14.08184249564495],"dronable":[true,false,true,true,true,true,true,false,true,true,true,true,false,true,true,true,true,false,false,true,false],"distances":[[0.0,1900.6921016997057,3290.6580839080316,4578.685841581146,2847.3892069418775,1588.5730133298814,3927.7925911988523,2507.936007733971,3354.972549103243,4280.945820333438,3765.4199229853075,2702.3557239460856,2807.974600890443,2467.4270654924994,3956.3253959501926,2959.712881120582,3519.449551326587,2395.1281092178824,4339.420975439883,2127.8314951489733,4377.0566825327305],[1900.6921016997057,0.0,1399.622660721742,5549.15380907005,2891.363960532527,2394.842515646303,2588.384203637885,2567.5584904693483,2581.5434181765886,3385.5879997400416,5662.938563727951,4087.9066481433524,3222.3861801712987,1967.561953715356,5575.735705624006,3894.014919455859,4461.07002399149,1535.4268114718036,5906.091709429522,3967.9478397187504,3859.9588669395025],[3290.6580839080316,1399.622660721742,0.0,6378.5068433332,3781.4554651205203,3652.891986494754,2427.2495225883117,3222.516438045886,2608.1188251195085,3105.038635732209,7056.053791033796,5395.058668230645,3947.63575117303,2451.7928871273043,6771.3860147643445,4813.723222589439,5338.788936590481,2269.068859213457,7065.219673392326,5308.479771277655,4248.807078419153],[4578.685841581146,5549.15380907005,6378.5068433332,0.0,7423.920819051864,6114.790858831643,8119.207005635874,3159.8606347719947,4160.221752027603,4503.94478230784,5014.018087604128,6508.87777719402,2433.166482235932,3941.325376671552,2351.845147038394,1672.9169957095892,1095.0883230890497,6770.442900625869,2171.3022010581344,3570.1671445035586,8937.527556718034],[2847.3892069418775,2891.363960532527,3781.4554651205203,7423.920819051864,0.0,1365.325652856504,2413.7680347104206,5058.646003393826,5427.081327052259,6268.535762830979,5242.369166550958,2455.0552431649885,5531.022710411972,4684.952935880637,6518.812886490352,5804.037182597843,6366.533182076172,1512.4046667890666,6939.188619839287,4483.093081009673,1652.2692266378597],[1588.5730133298814,2394.842515646303,3652.891986494754,6114.790858831643,1365.325652856504,0.0,3202.62398576729,4010.680988031689,4633.270656808439,5536.53937028445,4080.282766101818,1753.4675468686182,4381.732771295701,3796.86169462625,5155.892213203004,4530.759381705084,5079.239022965344,1734.5381570028294,5574.929878238579,3126.09147728984,3003.443985574816],[3927.7925911988523,2588.384203637885,2427.2495225883117,8119.207005635874,2413.7680347104206,3202.62398576729,0.0,5144.386389264586,4902.080973635958,5508.724360305365,7267.219377177539,4770.956036765049,5810.345617404334,4484.122373380243,7879.526615071744,6452.408704487088,7026.074357760538,1561.4102991694847,8252.707530614745,6012.526581118707,2021.899985348852],[2507.936007733971,2567.5584904693483,3222.516438045886,3159.8606347719947,5058.646003393826,4010.680988031689,5144.386389264586,0.0,1305.5659449968985,2099.5130001421567,5316.355193391138,5171.346236229392,726.6994657702352,784.0828066889524,3982.1920563331455,1685.5925314755477,2151.42285047838,4004.9949455032183,4172.749301192799,3299.91408621646,6323.0618657122695],[3354.972549103243,2581.5434181765886,2608.1188251195085,4160.221752027603,5427.081327052259,4633.270656808439,4902.080973635958,1305.5659449968985,0.0,925.9768670979115,6558.701484787326,6049.944759752878,1878.6484337314614,891.2221799793064,5270.003201737672,2907.7148568803864,3283.0558962282594,4115.243662562804,5437.635203149909,4548.842699721602,6425.471280933689],[4280.945820333438,3385.5879997400416,3105.038635732209,4503.94478230784,6268.535762830979,5536.53937028445,5508.724360305365,2099.5130001421567,925.9768670979115,0.0,7413.211911988338,6975.0172468554,2510.0677118109406,1815.9307500514135,5924.969877719403,3514.068072159183,3783.633288997142,4896.541877761619,6043.236821893518,5397.129866785747,7164.800265264795],[3765.4199229853075,5662.938563727951,7056.053791033796,5014.018087604128,5242.369166550958,4080.282766101818,7267.219377177539,5316.355193391138,6558.701484787326,7413.211911988338,0.0,2972.9094161306834,5074.772742334495,5728.650022208109,2787.5278807693635,4353.478428628251,4544.217521106925,5736.988078422756,3154.226273173589,2016.4418984369659,6843.672243017296],[2702.3557239460856,4087.9066481433524,5395.058668230645,6508.87777719402,2455.0552431649885,1753.4675468686182,4770.956036765049,5171.346236229392,6049.944759752878,6975.0172468554,2972.9094161306834,0.0,5342.534061646868,5166.511151113674,4937.791660037142,5159.3332474647905,5619.76706681519,3435.3221589007303,5373.502710305836,2994.537500096734,3945.593979965269],[2807.974600890443,3222.3861801712987,3947.63575117303,2433.166482235932,5531.022710411972,4381.732771295701,5810.345617404334,726.6994657702352,1878.6484337314614,2510.0677118109406,5074.772742334495,5342.534061646868,0.0,1509.3235818451087,3421.012115682818,1029.8024348814295,1438.7704196460095,4594.859376371848,3565.5586755531335,3087.626473006511,6882.455283953104],[2467.4270654924994,1967.561953715356,2451.7928871273043,3941.325376671552,4684.952935880637,3796.86169462625,4484.122373380243,784.0828066889524,891.2221799793064,1815.9307500514135,5728.650022208109,5166.511151113674,1509.3235818451087,0.0,4672.033188285837,2452.5815166069906,2933.9909594815185,3480.6510892197,4892.423745509612,3734.602720815524,5814.087443045048],[3956.3253959501926,5575.735705624006,6771.3860147643445,2351.845147038394,6518.812886490352,5155.892213203004,7879.526615071744,3982.1920563331455,5270.003201737672,5924.969877719403,2787.5278807693635,4937.791660037142,3421.012115682818,4672.033188285837,0.0,2413.4187996254573,2278.5148427095505,6350.825649794918,436.2735202066917,2046.8277589047475,8157.829284165063],[2959.712881120582,3894.014919455859,4813.723222589439,1672.9169957095892,5804.037182597843,4530.759381705084,6452.408704487088,1685.5925314755477,2907.7148568803864,3514.068072159183,4353.478428628251,5159.3332474647905,1029.8024348814295,2452.5815166069906,2413.4187996254573,0.0,578.5040225007364,5098.519370576292,2538.051805235711,2488.2176673166086,7285.072727689474],[3519.449551326587,4461.07002399149,5338.788936590481,1095.0883230890497,6366.533182076172,5079.239022965344,7026.074357760538,2151.42285047838,3283.0558962282594,3783.633288997142,4544.217521106925,5619.76706681519,