{"problem":"10.20.3","tabu_size":2,"reset_after":150,"iterations":450,"solution":{"truck_routes":[[[0,3,9,7,5,2,6,1,0],[0,4,0]]],"drone_routes":[[[0,8,10,0]]],"truck_working_time":[6468.868414029823],"drone_working_time":[579.8781486194855],"working_time":6468.868414029823,"energy_violation":0.0,"capacity_violation":0.0,"waiting_time_violation":0.0,"fixed_time_violation":0.0,"feasible":true},"config":{"customers_count":10,"trucks_count":1,"drones_count":1,"x":[0.0,7471.59705672718,9167.031929727462,15933.153680531323,-8700.681486825431,12368.241212865008,10808.17216339661,8702.05180611432,-4092.409513527656,11958.581840577144,-5113.380615461454],"y":[0.0,-14919.892768293794,2753.0719766381553,15946.005908790692,7758.5226782171685,6898.9087316381865,-4721.846038461418,12815.80895533024,-32.27077920620713,13245.584835304991,6029.805164012035],"demands":[0.0,0.43181562423936426,18.05491521314463,0.3252544583713697,0.5509436038053155,0.05835133438401521,0.5254542788806863,0.5800053206948821,0.8071752773409363,0.042679003300040645,0.22925002373777892],"dronable":[true,true,false,true,true,true,true,true,true,true,true],"distances":[[0.0,16686.160816541345,9571.513971634431,22541.971756051345,11657.466812459596,14162.214953427521,11794.592639195096,15490.986566898193,4092.536747495646,17845.256996385426,7906.023756258462],[16686.160816541345,0.0,17754.103252042696,32004.71280361518,27854.140095411294,22361.512088525513,10729.999559473006,27762.98199027134,18851.19456286156,28520.644471844003,24439.1388241146],[9571.513971634431,17754.103252042696,0.0,14826.79700018999,18555.584589605416,5237.910200982372,7652.956330662535,10073.474178141938,13548.83469729578,10857.512468058869,14651.524249784607],[22541.971756051345,32004.71280361518,14826.79700018999,0.0,25958.827336831397,9724.123005956042,21293.79110596573,7879.528366955105,25618.909171887757,4805.152992890279,23265.58924856942],[11657.466812459596,27854.140095411294,18555.584589605416,25958.827336831397,0.0,21086.451571155452,23159.33880856773,18122.672831397413,9051.664668784004,21375.52367420986,3982.108962046158],[14162.214953427521,22361.512088525513,5237.910200982372,9724.123005956042,21086.451571155452,0.0,11725.005623278052,6960.650330486228,17860.410738497605,6359.883518285421,17503.212355447235],[11794.592639195096,10729.999559473006,7652.956330662535,21293.79110596573,23159.33880856773,11725.005623278052,0.0,17663.665690921134,15621.121932272015,18004.222133403182,19211.815283039025],[15490.986566898193,27762.98199027134,10073.474178141938,7879.528366955105,18122.672831397413,6960.650330486228,17663.665690921134,0.0,18132.05430514758,3284.7671412699137,15392.0765477213],[4092.536747495646,18851.19456286156,13548.83469729578,25618.909171887757,9051.664668784004,17860.410738497605,15621.121932272015,18132.05430514758,0.0,20831.125105700692,6147.450425365726],[17845.256996385426,28520.644471844003,10857.512468058869,4805.152992890279,21375.52367420986,6359.883518285421,18004.222133403182,3284.7671412699137,20831.125105700692,0.0,18534.27577125786],[7906.023756258462,24439.1388241146,14651.524249784607,23265.58924856942,3982.108962046158,17503.212355447235,19211.815283039025,15392.0765477213,6147.450425365726,18534.27577125786,0.0]],"truck":{"V_max (m/s)":15.6464,"M_t (kg)":400.0},"drone":{"config":"Endurance","_data":{"speed_type":"high","range_type":"high","capacity [kg]":2.27,"FixedTime (s)":700.0,"V_max (m/s)":31.2928}},"problem":"problems/data/10.20.3.txt","config":"endurance","tabu_size_factor":0.5,"speed_type":"high","range_type":"high","waiting_time_limit":3600.0,"strategy":"random","fix_iteration":null,"reset_after_factor":30.0,"max_elite_size":10,"penalty_exponent":0.4,"verbose":false,"outputs":"outputs/","disable_logging":true,"extra":"https://github.com/Serious-senpai/min-timespan-delivery-v2/actions/runs/14262331507"},"last_improved":1,"elapsed":0.012613}