{"problem":"10.20.4","tabu_size":2,"reset_after":150,"iterations":752,"solution":{"truck_routes":[[[0,6,3,2,1,0],[0,7,9,8,10,4,0]]],"drone_routes":[[[0,5,0]]],"truck_working_time":[6469.04259277102],"drone_working_time":[423.1205985557287],"working_time":6469.04259277102,"energy_violation":0.0,"capacity_violation":0.0,"waiting_time_violation":0.0,"fixed_time_violation":0.0,"feasible":true},"config":{"customers_count":10,"trucks_count":1,"drones_count":1,"x":[0.0,7457.180783419839,4372.908281111943,-5308.138771549942,15029.90268926885,5190.910292617995,-4605.249524237464,-3096.4381740610565,2853.5686862278444,-4834.334345421083,11355.912129913753],"y":[0.0,12365.565028717278,14484.964686021034,15275.388049198684,-11031.247643588258,-4108.893957843279,14267.551050423,-2773.488440164049,-12609.076763164228,-16072.899408401117,-10545.376725123997],"demands":[0.0,0.3313452338148682,0.39082699164425894,0.43083304400133293,16.46729392771464,0.98509876057311,0.4686594772720725,23.04758357722925,0.02671344600949904,0.8132834557938037,30.64792895212494],"dronable":[true,true,true,true,false,true,true,false,true,true,false],"distances":[[0.0,14440.10885402329,15130.64865728809,16171.388847950991,18643.669151298047,6620.314133242353,14992.375934351294,4156.94208445417,12927.941486036676,16784.18553150253,15497.151692395259],[14440.10885402329,0.0,3742.270938330346,13092.763396281835,24591.806771489613,16629.605552668563,12211.460836192098,18454.533671522233,25395.39282968875,30981.084611481456,23240.295999837042],[15130.64865728809,3742.270938330346,0.0,9713.261096506694,27652.28058343819,18611.843180051663,8980.789846483463,18805.46039787734,27136.60765192937,31914.830013600593,25986.156582127776],[16171.388847950991,13092.763396281835,9713.261096506694,0.0,33251.69186575318,22044.96360124771,1228.7345970911206,18183.88193046808,29054.377406825482,31351.867841621945,30731.13219485211],[18643.669151298047,24591.806771489613,27652.28058343819,33251.69186575318,0.0,12030.160095854935,32024.4971515193,19918.705283109164,12278.137256285845,20494.051953871585,3705.9785724744397],[6620.314133242353,16629.605552668563,18611.843180051663,22044.96360124771,12030.160095854935,0.0,20824.468259698933,8394.25115807335,8815.683382973575,15609.06648308953,8912.662793316133],[14992.375934351294,12211.460836192098,8980.789846483463,1228.7345970911206,32024.4971515193,20824.468259698933,0.0,17107.704071855125,27892.419968996222,30341.315296137993,29503.22128419978],[4156.94208445417,18454.533671522233,18805.46039787734,18183.88193046808,19918.705283109164,8394.25115807335,17107.704071855125,0.0,11495.276390632043,13412.479830534408,16409.530060994995],[12927.941486036676,25395.39282968875,27136.60765192937,29054.377406825482,12278.137256285845,8815.683382973575,27892.419968996222,11495.276390632043,0.0,8432.19546391642,8749.211500552265],[16784.18553150253,30981.084611481456,31914.830013600593,31351.867841621945,20494.051953871585,15609.06648308953,30341.315296137993,13412.479830534408,8432.19546391642,0.0,17107.82241976562],[15497.151692395259,23240.295999837042,25986.156582127776,30731.13219485211,3705.9785724744397,8912.662793316133,29503.22128419978,16409.530060994995,8749.211500552265,17107.82241976562,0.0]],"truck":{"V_max (m/s)":15.6464,"M_t (kg)":400.0},"drone":{"config":"Endurance","_data":{"speed_type":"high","range_type":"high","capacity [kg]":2.27,"FixedTime (s)":700.0,"V_max (m/s)":31.2928}},"problem":"problems/data/10.20.4.txt","config":"endurance","tabu_size_factor":0.5,"speed_type":"high","range_type":"high","waiting_time_limit":3600.0,"strategy":"random","fix_iteration":null,"reset_after_factor":30.0,"max_elite_size":10,"penalty_exponent":0.4,"verbose":false,"outputs":"outputs/","disable_logging":true,"extra":"https://github.com/Serious-senpai/min-timespan-delivery-v2/actions/runs/14262331507"},"last_improved":3,"elapsed":0.01708}