{"problem":"10.20.2","tabu_size":5,"reset_after":300,"iterations":1562,"solution":{"truck_routes":[[[0,4,6,5,0],[0,2,9,1,3,7,8,0]]],"drone_routes":[[[0,10,0]]],"truck_working_time":[6973.407432305421],"drone_working_time":[610.377364115956],"working_time":6973.407432305421,"energy_violation":0.0,"capacity_violation":0.0,"waiting_time_violation":0.0,"fixed_time_violation":0.0,"feasible":true},"config":{"customers_count":10,"trucks_count":1,"drones_count":1,"x":[0.0,7474.480407312787,-2748.8636283218516,13744.05265056827,-13446.798609816706,-5508.373082706283,-11858.584266469688,11061.749802149392,13830.474654672964,2442.4450777767856,-1969.8796441571928],"y":[0.0,11809.815672303996,13281.413434761582,16080.129768481507,-7795.603257421746,-10211.610634541377,-14957.085072541744,3058.9480507325407,-3954.2692946421867,12671.92197181863,9344.841062218547],"demands":[0.0,0.678705709083311,0.6968392780606185,0.07734275476347206,0.7708801198858451,21.574849513260908,0.763609242581933,0.9823189580752166,8.545426573965736,0.5689461060422407,0.9569866913424873],"dronable":[true,true,true,true,true,false,true,true,false,true,true],"distances":[[0.0,13976.394512645233,13562.897701898964,21153.47623046382,15543.095669785122,11602.549968423393,19087.703231981934,11476.91037964628,14384.654143499636,12905.15960450764,9550.208389903893],[13976.394512645233,0.0,10328.71546928351,7585.718067092393,28671.8043925148,25563.60110256616,33018.69720575116,9457.599369892923,16997.20676221756,5105.350803751033,9760.739552419578],[13562.897701898964,10328.71546928351,0.0,16728.69093799959,23636.548934031507,23654.535978321055,29671.531946498293,17182.311889078974,23915.334349547466,5226.965269199313,4012.906439459328],[21153.47623046382,7585.718067092393,16728.69093799959,0.0,36185.53605777572,32586.98375172514,40234.35996997478,13294.582426585499,20034.58546072978,11804.330311991927,17096.542987397457],[15543.095669785122,28671.8043925148,23636.548934031507,36185.53605777572,0.0,8297.93296524953,7335.47862028836,26804.66805172263,27546.424148321803,25911.149221393498,20628.002821868242],[11602.549968423393,25563.60110256616,23654.535978321055,32586.98375172514,8297.93296524953,0.0,7927.465529417882,21229.147421376038,20325.97728163519,24225.4323793696,19873.996547809886],[19087.703231981934,33018.69720575116,29671.531946498293,40234.35996997478,7335.47862028836,7927.465529417882,0.0,29153.37310357099,27946.193001844356,31110.793473685528,26236.807979757938],[11476.91037964628,9457.599369892923,17182.311889078974,13294.582426585499,26804.66805172263,21229.147421376038,29153.37310357099,0.0,7539.963848881944,12911.300536315977,14468.442106104356],[14384.654143499636,16997.20676221756,23915.334349547466,20034.58546072978,27546.424148321803,20325.97728163519,27946.193001844356,7539.963848881944,0.0,20152.35603281165,20652.300894876604],[12905.15960450764,5105.350803751033,5226.965269199313,11804.330311991927,25911.149221393498,24225.4323793696,31110.793473685528,12911.300536315977,20152.35603281165,0.0,5526.126747624875],[9550.208389903893,9760.739552419578,4012.906439459328,17096.542987397457,20628.002821868242,19873.996547809886,26236.807979757938,14468.442106104356,20652.300894876604,5526.126747624875,0.0]],"truck":{"V_max (m/s)":15.6464,"M_t (kg)":400.0},"drone":{"config":"Endurance","_data":{"speed_type":"high","range_type":"high","capacity [kg]":2.27,"FixedTime (s)":700.0,"V_max (m/s)":31.2928}},"problem":"problems/data/10.20.2.txt","config":"endurance","tabu_size_factor":0.5,"speed_type":"high","range_type":"high","waiting_time_limit":3600.0,"strategy":"random","fix_iteration":null,"reset_after_factor":30.0,"max_elite_size":10,"penalty_exponent":0.4,"verbose":false,"outputs":"outputs/","disable_logging":true,"extra":"https://github.com/Serious-senpai/min-timespan-delivery-v2/actions/runs/14262331507"},"last_improved":63,"elapsed":0.050324}