{"problem":"10.10.2","tabu_size":2,"reset_after":150,"iterations":601,"solution":{"truck_routes":[[[0,5,2,0]]],"drone_routes":[[[0,4,1,10,3,0],[0,6,9,8,0],[0,7,0]]],"truck_working_time":[2006.7277325718107],"drone_working_time":[1676.8664801697962],"working_time":2006.7277325718107,"energy_violation":0.0,"capacity_violation":0.0,"waiting_time_violation":0.0,"fixed_time_violation":0.0,"feasible":true},"config":{"customers_count":10,"trucks_count":1,"drones_count":1,"x":[0.0,3743.007144637955,6980.5775493611445,2493.8233061166425,-122.23283145985745,-6320.614413064682,-2982.6030744846607,-5843.128867044805,-5519.194096451929,-1717.6507469019675,5302.062839960972],"y":[0.0,-5009.275522462778,-4489.410845993056,-7785.0878759983025,-2819.253739799051,-7140.044049629824,4237.778676137429,-1890.8468245877339,6272.267842186253,5188.634539505549,-4790.906473425965],"demands":[0.0,0.5322860484590978,24.73618368792729,0.21967587274140646,0.5166462180032019,8.09227928014214,0.582249097386919,0.32361355828941135,0.45365710867237347,0.4060545508062778,0.4659934293517964],"dronable":[true,true,false,true,true,false,true,true,true,true,true],"distances":[[0.0,6253.234662537103,8299.594729067494,8174.7628662332645,2821.902286482937,9535.743053862938,5182.1510213279635,6141.4539541500935,8354.809833768428,5465.551433559366,7145.95376391492],[6253.234662537103,0.0,3279.0427577847236,3043.943902975754,4442.552811319887,10286.722187996664,11434.239990983935,10080.605199005251,14596.629491732108,11567.893249871908,1574.2743416242222],[8299.594729067494,3279.0427577847236,0.0,5567.0863766764705,7296.529316412627,13562.727011981151,13244.953948525475,13084.341069672302,16494.181379658865,13012.445503351133,1705.377155656164],[8174.7628662332645,3043.943902975754,5567.0863766764705,0.0,5612.776352500912,8838.008477211511,13211.38017137536,10210.134627404035,16180.781738885264,13640.160813340732,4105.037338558112],[2821.902286482937,4442.552811319887,7296.529316412627,5612.776352500912,0.0,7555.737100555143,7614.684789717828,5795.739025368875,10572.74588607564,8165.269929324911,5771.516094841391],[9535.743053862938,10286.722187996664,13562.727011981151,8838.008477211511,7555.737100555143,0.0,11857.367738055296,5270.8693736467685,13436.23402621548,13159.923642112026,11857.701036876115],[5182.1510213279635,11434.239990983935,13244.953948525475,13211.38017137536,7614.684789717828,11857.367738055296,0.0,6763.331896191447,3251.6826689415725,1582.4763075504181,12253.686989797146],[6141.4539541500935,10080.605199005251,13084.341069672302,10210.134627404035,5795.739025368875,5270.8693736467685,6763.331896191447,0.0,8169.539448371594,8193.816333328528,11516.320773264788],[8354.809833768428,14596.629491732108,16494.181379658865,16180.781738885264,10572.74588607564,13436.23402621548,3251.6826689415725,8169.539448371594,0.0,3952.972675491981,15475.575195174046],[5465.551433559366,11567.893249871908,13012.445503351133,13640.160813340732,8165.269929324911,13159.923642112026,1582.4763075504181,8193.816333328528,3952.972675491981,0.0,12201.131819235881],[7145.95376391492,1574.2743416242222,1705.377155656164,4105.037338558112,5771.516094841391,11857.701036876115,12253.686989797146,11516.320773264788,15475.575195174046,12201.131819235881,0.0]],"truck":{"V_max (m/s)":15.6464,"M_t (kg)":400.0},"drone":{"config":"Endurance","_data":{"speed_type":"high","range_type":"high","capacity [kg]":2.27,"FixedTime (s)":700.0,"V_max (m/s)":31.2928}},"problem":"problems/data/10.10.2.txt","config":"endurance","tabu_size_factor":0.5,"speed_type":"high","range_type":"high","waiting_time_limit":3600.0,"strategy":"random","fix_iteration":null,"reset_after_factor":30.0,"max_elite_size":10,"penalty_exponent":0.4,"verbose":false,"outputs":"outputs/","disable_logging":true,"extra":"https://github.com/Serious-senpai/min-timespan-delivery-v2/actions/runs/14262331507"},"last_improved":2,"elapsed":0.002624}