{"problem":"20.5.4","tabu_size":2,"reset_after":150,"iterations":2493,"solution":{"truck_routes":[[[0,19,14,15,0]],[[0,17,8,10,18,12,1,0]]],"drone_routes":[[[0,20,5,13,3,2,7,0]],[[0,9,4,0],[0,6,11,16,0]]],"truck_working_time":[510.09040246144303,516.6894612935911],"drone_working_time":[518.3642017631608,500.78217820570717],"working_time":518.3642017631608,"energy_violation":0.0,"capacity_violation":0.0,"waiting_time_violation":0.0,"fixed_time_violation":0.0,"feasible":true},"config":{"customers_count":20,"trucks_count":2,"drones_count":2,"x":[0.0,1861.4118452693529,-3084.2777313882216,862.0665768859126,456.89255549813885,3080.941269199922,-2624.65667062411,-3133.8076594555127,-1116.0919966436595,260.85329635025744,-304.5231786361719,-2979.632906076458,1756.8766934604148,3373.7689839404006,-867.2306350701465,-735.5268088855075,-3257.240663860033,-1052.8066147600853,872.6776204633704,-1299.6999946961328,1859.6835366593295],"y":[0.0,501.78281658153236,1139.5999531921816,3684.7235123243745,-3297.085735447802,-10.104123281251443,-2291.2728435983995,1016.7885547463385,769.7295644552693,-3444.5616288983965,2095.3193209866195,-836.001943005534,1221.017466179754,1902.9407184832373,-1622.762462523977,-1375.7954150652154,-892.350929642054,964.3544478921717,1525.5495356017636,-3750.791287402377,-64.77070829555292],"demands":[0.0,0.47776491133670007,0.1868188007000192,0.2884999260233985,0.8394748914900724,0.3657206778677196,0.6500196393647053,0.36112249978377714,0.9899159944624443,0.9761750110297666,0.4834998632168338,0.8409963022280292,0.9656500095741817,0.07037853929879413,9.245795001443978,1.0043125781228082,0.19540587526339456,0.32579322280821466,13.54654982605839,1.051582626439987,0.8251256519991035],"dronable":[true,true,true,true,true,true,true,true,true,true,true,true,true,true,false,true,true,true,false,true,true],"distances":[[0.0,1927.8589296744597,3288.078037038187,3784.22332127213,3328.5920678513603,3080.9578376807603,3484.071451974419,3294.633425970966,1355.7820427224021,3454.424591374947,2117.3326198843924,3094.6908575304683,2139.5091420090794,3873.4352369776034,1839.958419144588,1560.0681750179272,3377.2632298854624,1427.718904144652,1757.5174579025856,3969.5913338612963,1860.8111406520704],[1927.8589296744597,0.0,4986.647780665242,3336.1358542565827,4050.194650993565,1322.6035895288167,5284.502876350219,5021.697801613157,2989.5358483053624,4258.570435121191,2688.9836590526556,5022.4876652428175,726.7916339270796,2061.6662147279967,3458.205087683899,3204.588957947241,5305.111913199944,2950.701907490781,1423.268654287073,5298.774818261721,566.5561610302209],[3288.078037038187,4986.647780665242,0.0,4695.879824984598,5676.624604508359,6271.502594169336,3461.522738225989,132.42300918864015,2002.6380578917365,5674.89550595021,2939.461665598507,1978.3713988340357,4841.839007717275,6503.003652261157,3542.025401243421,3441.488741025912,2039.299037968703,2039.0159108801047,3975.7329810626225,5205.827905759183,5088.542198921687],[3784.22332127213,3336.1358542565827,4695.879824984598,0.0,6993.556059679841,4309.8905040646505,6918.798410904101,4804.673542554591,3522.825720659775,7154.590416896849,1971.5824459380592,5932.589110992025,2621.1700872956785,3079.5127708830237,5582.103207617265,5306.708625949693,6157.783902587381,3326.7322084598677,2159.200050018973,7743.391701765134,3879.941559983835],[3328.5920678513603,4050.194650993565,5676.624604508359,6993.556059679841,0.0,4205.933876156519,3241.5436456147077,5612.721213927002,4360.420516968798,245.31720338431484,5445.896272685223,4226.894921981443,4701.405672722861,5962.2515227374215,2134.633609323878,2261.2431173478276,4424.650840167335,4520.958307799686,4840.5256096646635,1814.2398174641685,3523.5895010034046],[3080.9578376807603,1322.6035895288167,6271.502594169336,4309.8905040646505,4205.933876156519,0.0,6144.719568985847,6299.016813631359,4268.8673925441135,4443.916575781016,3986.750231358234,6116.589453498763,1807.9843386393682,1935.3264936753824,4264.824533881393,4053.460410007682,6399.289776522192,4247.050867964403,2689.7324220769733,5760.447755406638,1222.48062757956],[3484.071451974419,5284.502876350219,3461.522738225989,6918.798410904101,3241.5436456147077,6144.719568985847,0.0,3347.014332901271,3412.550822726616,3107.4495638396384,4962.379493654514,1497.9390915014837,5615.5158125275875,7319.326317202098,1880.279872797449,2099.2642893800303,1535.2996547402697,3615.220831321092,5176.821439646104,1971.218983494756,5006.657453148459],[3294.633425970966,5021.697801613157,132.42300918864015,4804.673542554591,5612.721213927002,6299.016813631359,3347.014332901271,0.0,2032.7849469729745,5606.011814648544,3027.8836317025152,1859.194041282169,4894.946668567693,6567.634233646664,3479.166707739711,3387.655397293237,1913.1255257894354,2081.6615199366715,4038.6584448115523,5108.20599400532,5109.278301790592],[1355.7820427224021,2989.5358483053624,2002.6380578917365,3522.825720659775,4360.420516968798,4268.8673925441135,3412.550822726616,2032.7849469729745,0.0,4433.534549575133,1554.2947432784154,2459.9102412856378,2908.197012680057,4630.660767599443,2405.4001904971,2179.0152133199467,2710.540385971265,204.65552719869964,2127.5498628027335,4524.248077750447,3090.571262699808],[3454.424591374947,4258.570435121191,5674.89550595021,7154.590416896849,245.31720338431484,4443.916575781016,3107.4495638396384,5606.011814648544,4433.534549575133,0.0,5568.656166200872,4159.9680843707665,4899.56266386412,6187.570236635452,2142.784533949096,2296.2070816037713,4346.350718276964,4600.461208861648,5007.6275811072055,1590.3154334732415,3738.8828283748317],[2117.3326198843924,2688.9836590526556,2939.461665598507,1971.5824459380592,5445.896272685223,3986.750231358234,4962.379493654514,3027.8836317025152,1554.2947432784154,5568.656166200872,0.0,3968.482884753089,2239.1456330481383,3683.319529985607,3760.421762302698,3497.7709530677253,4200.561161801875,1356.100897776766,1307.8376541979917,5930.20962030362,3057.740937544317],[3094.6908575304683,5022.4876652428175,1978.3713988340357,5932.589110992025,4226.894921981443,6116.589453498763,1497.9390915014837,1859.194041282169,2459.9102412856378,4159.9680843707665,3968.482884753089,0.0,5163.898918091827,6918.635882816278,2254.1595927585854,2308.1137684108735,283.2689101835687,2637.03293327069,4518.541997038633,3364.2490260009217,4900.3858266799],[2139.5091420090794,726.7916339270796,4841.839007717275,2621.1700872956785,4701.405672722861,1807.9843386393682,5615.5158125275875,4894.946668567693,2908.197012680057,4899.56266386412,2239.1456330481383,5163.898918091827,0.0,1754.8105313810306,3869.4991348423887,3599.376662521723,5441.295695828397,2821.3819658900115,935.1725947627446,5836.226806146069,1289.8916530581428],[3873.4352369776034,2061.6662147279967,6503.003652261157,3079.5127708830237,5962.2515227374215,1935.3264936753824,7319.326317202098,6567.634233646664,4630.660767599443,6187.570236635452,3683.319529985607,6918.635882816278,1754.8105313810306,0.0,5515.130160659129,5257.035528353691,7196.106193442495,4524.987924663734,2529.403509402181,7335.257179448678,2482.8094974734054],[1839.958419144588,3458.205087683899,3542.025401243421,5582.103207617265,2134.633609323878,4264.824533881393,1880.279872797449,3479.166707739711,2405.4001904971,2142.784533949096,3760.421762302698,2254.1595927585854,3869.4991348423887,5515.130160659129,0.0,279.89037204264787,2499.1296375104585,2593.7641281348388,3597.1028863817864,2171.5285921508503,3140.6049108766956],[1560.0681750179272,3204.588957947241,3441.488741025912,5306.708625949693,2261.2431173478276,4053.460410007682,2099.2642893800303,3387.655397293237,2179.0152133199467,2296.2070816037713,3497.7709530677253,2308.1137684108735,3599.376662521723,5257.035528353691,279.89037204264787,0.0,2567.6369168666633,2361.560470603132,3317.2464498945697,2441.0851638577187,2907.5595470056037],[3377.2632298854624,5305.111913199944,2039.299037968703,6157.783902587381,4424.650840167335,6399.289776522192,1535.2996547402697,1913.1255257894354,2710.540385971265,