{"problem":"12.5.4","tabu_size":3,"reset_after":180,"iterations":1923,"solution":{"truck_routes":[[[0,1,5,10,3,4,0]]],"drone_routes":[[[0,8,9,0],[0,6,7,2,12,0],[0,11,0]]],"truck_working_time":[894.6040691375474],"drone_working_time":[925.8220031419719],"working_time":925.8220031419719,"energy_violation":0.0,"capacity_violation":0.0,"waiting_time_violation":0.0,"fixed_time_violation":0.0,"feasible":true},"config":{"customers_count":12,"trucks_count":1,"drones_count":1,"x":[0.0,1783.5617391734854,-3223.1048583671923,3640.904098207378,-145.1512389013372,2947.5151392022635,-2171.4530883980906,-2472.0543917387636,-2231.9677755001176,-297.8536284194681,3334.6411236399986,2891.780906494132,-2432.5989011561724],"y":[0.0,3002.655400061992,-1491.1166583212776,63.38625517236301,-1764.0827153780979,3312.019842713638,472.38982964814517,-1089.0766135297067,2056.594996864696,3997.64395869035,1103.0369997468633,-3408.771574313702,-3010.454009951388],"demands":[0.0,28.09786857150693,0.34849766210316413,26.847324221717177,0.8999103944000121,0.6522127151840789,1.0108237455038875,0.0024885981576613027,0.9148444816372084,0.8383271544793327,0.13255813973691757,0.6239540213033861,0.6252735207871846],"dronable":[true,false,true,false,true,true,true,true,true,true,true,true,true],"distances":[[0.0,3492.424935337192,3551.314378755197,3641.4558173466908,1770.0442674832616,4433.657737619742,2222.2422609311993,2701.322044083645,3035.0062820363064,4008.72473542598,3512.338543802632,4470.13651435984,3870.4483926204994],[3492.424935337192,0.0,6727.607132676206,3476.927342462278,5142.151885444808,1204.3645111907424,4695.144954432475,5903.603943756028,4125.470587667866,2307.0093550424644,2452.4268233186544,6506.500255173217,7343.942764064575],[3551.314378755197,6727.607132676206,0.0,7037.83335011537,3090.033810800151,7819.633712775682,2227.4041334201484,851.8879040336169,3683.559515655564,6219.613160733433,7052.20997746095,6408.527778993674,1712.6837584459392],[3641.4558173466908,3476.927342462278,7037.83335011537,0.0,4204.028764646378,3321.8080068799118,5826.729785104008,6220.64563880162,6201.895285551291,5567.063508417459,1083.822254931671,3552.0508933887786,6807.050217147961],[1770.0442674832616,5142.151885444808,3090.033810800151,4204.028764646378,0.0,5944.022418069931,3017.898048299532,2422.831302467697,4353.433293189521,5763.749845928119,4508.805867107083,3453.6876376480877,2604.967986653849],[4433.657737619742,1204.3645111907424,7819.633712775682,3321.8080068799118,5944.022418069931,0.0,5853.830739463197,6981.50298416194,5329.459147724909,3317.001487226595,2242.6483737644785,6721.0225096992435,8301.76503551473],[2222.2422609311993,4695.144954432475,2227.4041334201484,5826.729785104008,3017.898048299532,5853.830739463197,0.0,1590.1379175218115,1585.3605391804967,3992.2163782492175,5542.092504189449,6379.635752191135,3492.620555765756],[2701.322044083645,5903.603943756028,851.8879040336169,6220.64563880162,2422.831302467697,6981.50298416194,1590.1379175218115,0.0,3154.820353639528,5531.896161269203,6206.695973046552,5843.946767181906,1921.782463031982],[3035.0062820363064,4125.470587667866,3683.559515655564,6201.895285551291,4353.433293189521,5329.459147724909,1585.3605391804967,3154.820353639528,0.0,2740.158500186067,5647.6904562708905,7491.530705643015,5071.019472064554],[4008.72473542598,2307.0093550424644,6219.613160733433,5567.063508417459,5763.749845928119,3317.001487226595,3992.2163782492175,5531.896161269203,2740.158500186067,0.0,4644.756998003622,8064.041140385954,7326.0203738149785],[3512.338543802632,2452.4268233186544,7052.20997746095,1083.822254931671,4508.805867107083,2242.6483737644785,5542.092504189449,6206.695973046552,5647.6904562708905,4644.756998003622,0.0,4533.491125048876,7083.91599261872],[4470.13651435984,6506.500255173217,6408.527778993674,3552.0508933887786,3453.6876376480877,6721.0225096992435,6379.635752191135,5843.946767181906,7491.530705643015,8064.041140385954,4533.491125048876,0.0,5339.258114962585],[3870.4483926204994,7343.942764064575,1712.6837584459392,6807.050217147961,2604.967986653849,8301.76503551473,3492.620555765756,1921.782463031982,5071.019472064554,7326.0203738149785,7083.91599261872,5339.258114962585,0.0]],"truck":{"V_max (m/s)":15.6464,"M_t (kg)":400.0},"drone":{"config":"Endurance","_data":{"speed_type":"high","range_type":"high","capacity [kg]":2.27,"FixedTime (s)":700.0,"V_max (m/s)":31.2928}},"problem":"problems/data/12.5.4.txt","config":"endurance","tabu_size_factor":0.5,"speed_type":"high","range_type":"high","waiting_time_limit":3600.0,"strategy":"random","fix_iteration":null,"reset_after_factor":30.0,"max_elite_size":10,"penalty_exponent":0.4,"verbose":false,"outputs":"outputs/","disable_logging":true,"extra":"https://github.com/Serious-senpai/min-timespan-delivery-v2/actions/runs/14262331507"},"last_improved":844,"elapsed":0.062973}