{"problem":"20.10.2","tabu_size":2,"reset_after":150,"iterations":1941,"solution":{"truck_routes":[[[0,11,20,2,8,0]],[[0,1,19,6,0]]],"drone_routes":[[[0,17,12,9,0],[0,3,10,0]],[[0,16,4,7,18,0],[0,13,0],[0,15,5,14,0]]],"truck_working_time":[1236.320567560445,1278.8979170067232],"drone_working_time":[1268.6931343777678,1227.03565135103],"working_time":1278.8979170067232,"energy_violation":0.0,"capacity_violation":0.0,"waiting_time_violation":0.0,"fixed_time_violation":0.0,"feasible":true},"config":{"customers_count":20,"trucks_count":2,"drones_count":2,"x":[0.0,3725.7068013139656,-1991.0507810154097,-464.9681160015737,-3832.3315323743013,4378.668962259596,4270.730708506177,-3907.9170830656035,-402.6998250866976,7098.969829900159,2534.4548538422678,-4686.596233137974,7543.256004643216,-108.5672129695775,1861.5450009479407,3538.4220241843627,-5443.152075625875,5359.601335982752,-1340.4849588871284,7594.6164451659315,-6403.428606783692],"y":[0.0,-4453.525926239148,-3285.8588753025588,7503.570404718872,-6054.897406534519,-1037.327612742071,1275.614799102178,-7723.2837951050205,-2382.539626335788,-7462.786361093503,7505.675019800447,2595.6469165702683,-7236.099488499942,3997.3901074846217,-959.493425900137,-51.50714544610324,-4481.887515720071,-4848.570207662969,-7246.1255775122545,583.4568350808555,-2346.3383753162266],"demands":[0.0,0.9715450641269747,8.701139879710043,0.9266564850123657,0.1453679405487507,0.6754097107716054,1.1263295498695796,0.03176977454444634,1.0753047202359716,0.8947292334117851,0.8049932322214883,1.8159672456853033,1.0559517854514102,0.7955421981750982,1.1143060577037236,0.27593528089787595,0.9710046552828957,0.20415450094298168,0.1168540439254937,1.0262879405804164,1.0928081819734807],"dronable":[true,true,false,true,true,true,true,true,true,true,true,true,true,true,true,true,true,true,true,true,true],"distances":[[0.0,5806.44334726874,3842.0244352407067,7517.962767097945,7165.790087470384,4499.865604350056,4457.166577576629,8655.687639225886,2416.332390252867,10299.92975302045,7922.033760911467,5357.384358804564,10452.839181727377,3998.86415262483,2094.272528803224,3538.796886975144,7050.902085687881,7227.306520364625,7369.072927450232,7616.995524981447,6819.765516031862],[5806.44334726874,0.0,5834.789079046762,12670.19766737786,7725.82254982631,3478.041187330458,5755.006907917279,8304.428344514781,4618.736356114768,4520.45924932482,12018.384603186465,10975.321412662643,4724.023449267851,9280.066757607918,3960.222510335648,4406.001013867243,9168.902741604166,1680.973329564212,5784.886495292724,6351.350814600438,10345.9955292056],[3842.0244352407067,5834.789079046762,0.0,10896.82121029062,3325.34046268529,6754.940595340514,7747.060700988642,4833.747649476487,1827.2505095781326,10003.759189845872,11702.025681918736,6469.781732353284,10320.24257395194,7522.596634755386,4500.496690741493,6405.9426016683365,3653.421390553,7514.928692503822,4013.3462648458712,10337.147587110625,4511.294364949621],[7517.962767097945,12670.19766737786,10896.82121029062,0.0,13970.368132827414,9818.74529105296,7823.9551623188945,15611.245511249312,9886.306129499178,16769.167900973203,2999.4237082198797,6473.782273518116,16774.66906163988,3524.247704176833,8777.021857353999,8550.223938795098,12978.193907415365,13656.536420668377,14775.65772852164,10622.846846081224,11501.565805384618],[7165.790087470384,7725.82254982631,3325.34046268529,13970.368132827414,0.0,9622.709377220976,10926.848899686109,1670.0976968550754,5024.797042012606,11021.592479366702,14980.824190196907,8692.622461890962,11436.749108500533,10719.836984347143,7640.901236279816,9506.245453303498,2251.466841674862,9270.75267532901,2761.9420524570614,13215.25206413346,4512.643377674252],[4499.865604350056,3478.041187330458,6754.940595340514,9818.74529105296,9622.709377220976,0.0,2315.459623299709,10647.512308471669,4966.999380121385,6977.575290690309,8739.79517250341,9766.142380362819,6959.840796778979,6744.158288077913,2518.32706320101,1295.3211612123246,10408.321739139958,3935.4540321489617,8441.439079985255,3601.2859424261583,10861.267751275822],[4457.166577576629,5755.006907917279,7747.060700988642,7823.9551623188945,10926.848899686109,2315.459623299709,0.0,12160.199653270758,5934.900736547289,9184.6933190114,6467.480513848948,9054.070395719897,9119.13931945482,5156.191531970298,3286.317779974401,1515.7600947494157,11291.959601815826,6220.231606658087,10203.22499567763,3395.187629208186,11271.92183639813],[8655.687639225886,8304.428344514781,4833.747649476487,15611.245511249312,1670.0976968550754,10647.512308471669,12160.199653270758,0.0,6388.278038867416,11009.969047547027,16535.57808966911,10348.269046130998,11461.53190604419,12321.089893602944,8890.194199083542,10691.310633519728,3586.585607843779,9703.1374233917,2611.3957334881097,14188.383187145442,5927.82589255095],[2416.332390252867,4618.736356114768,1827.2505095781326,9886.306129499178,5024.797042012606,4966.999380121385,5934.900736547289,6388.278038867416,0.0,9060.019563917456,10315.215290822458,6567.656331666996,9311.028803716037,6386.70630309525,2674.297126498657,4578.881288891913,5460.1667053880055,6267.80834892893,4953.171636603984,8529.607408057152,6000.837978321201],[10299.92975302045,4520.45924932482,10003.759189845872,16769.167900973203,11021.592479366702,6977.575290690309,9184.6933190114,11009.969047547027,9060.019563917456,0.0,15648.949903363176,15494.245623051485,498.7756442270087,13538.250807075898,8350.056157886671,8222.199236765959,12891.492536530619,3139.9886710766405,8442.235428316762,8061.494597108316,14439.279882810184],[7922.033760911467,12018.384603186465,11702.025681918736,2999.4237082198797,14980.824190196907,8739.79517250341,6467.480513848948,16535.57808966911,10315.215290822458,15648.949903363176,0.0,8732.236527676554,15569.457428627375,4392.451328317392,8491.871671440114,7623.578710674224,14399.439845497924,12673.153821596792,15252.238505057241,8574.51689176538,13302.177592157212],[5357.384358804564,10975.321412662643,6469.781732353284,6473.782273518116,8692.622461890962,9766.142380362819,9054.070395719897,10348.269046130998,6567.656331666996,15494.245623051485,8732.236527676554,0.0,15691.797957263298,4787.821392113407,7450.984933295517,8640.506348665891,7117.855743344193,12503.69762072542,10395.044323375825,12444.962586274696,5231.7045046925605],[10452.839181727377,4724.023449267851,10320.24257395194,16774.66906163988,11436.749108500533,6959.840796778979,9119.13931945482,11461.53190604419,9311.028803716037,498.7756442270087,15569.457428627375,15691.797957263298,0.0,13591.971419065434,8466.263850989799,8225.39131877054,13275.258130005695,3235.5283616152333,8883.746621193557,7819.724994685115,14779.031612207067],[3998.86415262483,9280.066757607918,7522.596634755386,3524.247704176833,10719.836984347143,6744.158288077913,5156.191531970298,12321.089893602944,6386.70630309525,13538.250807075898,4392.451328317392,4787.821392113407,13591.971419065434,0.0,5334.045040957936,5449.229253821742,10017.781424460285,10399.609664642105,11310.803078980616,8425.7924766393,8936.899408118574],[2094.272528803224,3960.222510335648,4500.496690741493,8777.021857353999,7640.901236279816,2518.32706320101,3286.317779974401,8890.194199083542,2674.297126498657,8350.056157886671,8491.871671440114,7450.984933295517,8466.263850989799,5334.045040957936,0.0,1906.9230809214607,8109.61525009075,5230.804559293333,7055.121520807744,5937.070295387201,8380.520726674527],[3538.796886975144,4406.001013867243,6405.9426016683365,8550.223938795098,9506.245453303498,1295.3211612123246,1515.7600947494157,10691.310633519728,4578.881288891913,8222.199236765959,7623.578710674224,8640.506348665891,8225.39131877054,5449.229253821742,1906.9230809214607,0.0,10014.836171185776,5131.131269867095,8692.886041614129,4105.592824108188,10203.266356518736],[7050.902085687881,9168.902741604166,3653.421390553,12978.193907415365,2251.466841674862,10408.321739139958,11291.959601815826,3586.585607843779,5460.1667053880055,12891.492536530619,14399.439845497924,