{"problem":"10.10.4","tabu_size":2,"reset_after":150,"iterations":1362,"solution":{"truck_routes":[[[0,3,9,0]]],"drone_routes":[[[0,10,2,4,5,0],[0,6,8,7,1,0]]],"truck_working_time":[1359.633305210052],"drone_working_time":[1266.2562306288137],"working_time":1359.633305210052,"energy_violation":0.0,"capacity_violation":0.0,"waiting_time_violation":0.0,"fixed_time_violation":0.0,"feasible":true},"config":{"customers_count":10,"trucks_count":1,"drones_count":1,"x":[0.0,3734.3568530707857,-5551.936495921959,-7032.272404942465,-1977.282181917079,-970.9727254025424,644.0638170107587,3171.176905039622,5085.753159135858,-5356.040458500904,-4128.441033193205],"y":[0.0,-4731.400604445789,-3887.6347407426338,7905.941264360283,-4437.075693071958,-4088.685951091122,2756.6967376198013,-4807.065309846378,1944.8638681148855,6909.624089206022,1357.3841532820668],"demands":[0.0,0.18492555629303634,0.59483516569088,0.5731661957745049,0.33100707082716685,0.4704968263808817,0.28729931517943985,0.1776916664169288,0.1974909144541726,18.174247351897815,0.6354933223378328],"dronable":[true,true,true,true,true,true,true,true,true,false,true],"distances":[[0.0,6027.567733823214,6777.7358116246505,10580.962264975238,4857.703730465328,4202.397035041496,2830.9353760879326,5758.8401485182,5444.940831740889,8742.42955060175,4345.862066855626],[6027.567733823214,0.0,9324.547441902885,16601.88890122404,5719.2173957152845,4749.021853781344,8100.710638763173,568.2400914294435,6811.664942113799,14769.860500371731,9944.691570188415],[6777.7358116246505,9324.547441902885,0.0,11886.119189696647,3616.6336315322646,4585.3735568647035,9085.01847396142,8771.434316999585,12131.713861596349,10799.035767066498,5434.755057137851],[10580.962264975238,16601.88890122404,11886.119189696647,0.0,13338.028106370975,13439.138210571327,9243.422363423511,16301.25498166309,13504.850509934702,1949.9747310615671,7163.5073024746935],[4857.703730465328,5719.2173957152845,3616.6336315322646,13338.028106370975,0.0,1064.9103880552839,7656.488531348807,5161.736460396628,9519.223749424345,11839.071054805394,6180.877713919985],[4202.397035041496,4749.021853781344,4585.3735568647035,13439.138210571327,1064.9103880552839,0.0,7033.321206104091,4203.982928611601,8549.13164369799,11840.25518164036,6295.179560302456],[2830.9353760879326,8100.710638763173,9085.01847396142,9243.422363423511,7656.488531348807,7033.321206104091,0.0,7974.7599882614995,4515.27151121129,7297.1266197433,4973.417160655871],[5758.8401485182,568.2400914294435,8771.434316999585,16301.25498166309,5161.736460396628,4203.982928611601,7974.7599882614995,0.0,7018.130082646932,14491.178228112922,9554.311028411992],[5444.940831740889,6811.664942113799,12131.713861596349,13504.850509934702,9519.223749424345,8549.13164369799,4515.27151121129,7018.130082646932,0.0,11562.00233550611,9232.903499403137],[8742.42955060175,14769.860500371731,10799.035767066498,1949.9747310615671,11839.071054805394,11840.25518164036,7297.1266197433,14491.178228112922,11562.00233550611,0.0,5686.331739802439],[4345.862066855626,9944.691570188415,5434.755057137851,7163.5073024746935,6180.877713919985,6295.179560302456,4973.417160655871,9554.311028411992,9232.903499403137,5686.331739802439,0.0]],"truck":{"V_max (m/s)":15.6464,"M_t (kg)":400.0},"drone":{"config":"Endurance","_data":{"speed_type":"high","range_type":"high","capacity [kg]":2.27,"FixedTime (s)":700.0,"V_max (m/s)":31.2928}},"problem":"problems/data/10.10.4.txt","config":"endurance","tabu_size_factor":0.5,"speed_type":"high","range_type":"high","waiting_time_limit":3600.0,"strategy":"random","fix_iteration":null,"reset_after_factor":30.0,"max_elite_size":10,"penalty_exponent":0.4,"verbose":false,"outputs":"outputs/","disable_logging":true,"extra":"https://github.com/Serious-senpai/min-timespan-delivery-v2/actions/runs/14262331507"},"last_improved":13,"elapsed":0.012141}