{"problem":"10.10.1","tabu_size":2,"reset_after":150,"iterations":1296,"solution":{"truck_routes":[[[0,6,9,10,4,5,1,0]]],"drone_routes":[[[0,7,0],[0,8,2,0],[0,3,0]]],"truck_working_time":[1735.950029753597],"drone_working_time":[1732.742861806179],"working_time":1735.950029753597,"energy_violation":0.0,"capacity_violation":0.0,"waiting_time_violation":0.0,"fixed_time_violation":0.0,"feasible":true},"config":{"customers_count":10,"trucks_count":1,"drones_count":1,"x":[0.0,3738.682118759545,-7332.379353375232,5777.475570492262,6996.942373406358,4400.906550671561,-1169.2698685472992,6710.724138902582,-216.72058856320808,-3536.845602701436,586.8106635735363],"y":[0.0,3176.3620564508888,-4188.522793367846,-7986.273425724185,4418.535163659321,2432.3349996395264,3497.237946688962,-3348.9561871222304,-3938.133905039083,6049.129314355786,6329.938959833223],"demands":[0.0,0.9255958108248765,0.7478413173478692,0.9634110342579557,0.9908166528639936,10.776638065660618,27.380202204619298,0.2506526123531701,0.8925640200120823,1.0952132256820593,0.5507433758448146],"dronable":[true,true,true,true,true,false,false,true,true,true,true],"distances":[[0.0,4905.814906699322,8444.377429530574,9856.96642979285,8275.303956306578,5028.342869993579,3687.5283431119337,7499.955067313008,3944.0926038222733,7007.2278597992645,6357.080618499196],[4905.814906699322,0.0,13296.989545415028,11347.29525687695,3487.0121759585186,996.0509321759455,4918.430038807634,7170.272794629511,8140.102171542645,7822.154137054424,4458.625455851039],[8444.377429530574,13296.989545415028,0.0,13648.85365114652,16715.588766933684,13472.407209601764,9851.64131885518,14068.177841538261,7120.062798363839,10918.589521146128,13166.305790847133],[9856.96642979285,11347.29525687695,13648.85365114652,0.0,12464.604904394377,10509.155236620583,13421.18868189994,4730.292175106604,7233.1059146239495,16844.854080509238,15228.162700874484],[8275.303956306578,3487.0121759585186,16715.588766933684,12464.604904394377,0.0,3268.6989895789725,8218.01745816052,7772.762878296795,11039.513180056092,10659.246052600467,6689.039767368127],[5028.342869993579,996.0509321759455,13472.407209601764,10509.155236620583,3268.6989895789725,0.0,5671.05665884731,6225.639330786079,7867.995580989771,8722.907219691237,5453.314961241066],[3687.5283431119337,4918.430038807634,9851.64131885518,13421.18868189994,8218.01745816052,5671.05665884731,0.0,10438.614835085966,7496.139319961172,3481.029216959828,3332.8687140603543],[7499.955067313008,7170.272794629511,14068.177841538261,4730.292175106604,7772.762878296795,6225.639330786079,10438.614835085966,0.0,6952.454303005758,13904.556688443165,11453.529042136946],[3944.0926038222733,8140.102171542645,7120.062798363839,7233.1059146239495,11039.513180056092,7867.995580989771,7496.139319961172,6952.454303005758,0.0,10524.668960256371,10299.465172109054],[7007.2278597992645,7822.154137054424,10918.589521146128,16844.854080509238,10659.246052600467,8722.907219691237,3481.029216959828,13904.556688443165,10524.668960256371,0.0,4133.206389642551],[6357.080618499196,4458.625455851039,13166.305790847133,15228.162700874484,6689.039767368127,5453.314961241066,3332.8687140603543,11453.529042136946,10299.465172109054,4133.206389642551,0.0]],"truck":{"V_max (m/s)":15.6464,"M_t (kg)":400.0},"drone":{"config":"Endurance","_data":{"speed_type":"high","range_type":"high","capacity [kg]":2.27,"FixedTime (s)":700.0,"V_max (m/s)":31.2928}},"problem":"problems/data/10.10.1.txt","config":"endurance","tabu_size_factor":0.5,"speed_type":"high","range_type":"high","waiting_time_limit":3600.0,"strategy":"random","fix_iteration":null,"reset_after_factor":30.0,"max_elite_size":10,"penalty_exponent":0.4,"verbose":false,"outputs":"outputs/","disable_logging":true,"extra":"https://github.com/Serious-senpai/min-timespan-delivery-v2/actions/runs/14262331507"},"last_improved":97,"elapsed":0.021837}