{"problem":"10.20.1","tabu_size":2,"reset_after":150,"iterations":662,"solution":{"truck_routes":[[[0,5,2,9,6,3,8,0],[0,10,0]]],"drone_routes":[[[0,1,0],[0,4,7,0]]],"truck_working_time":[5738.066783105984],"drone_working_time":[1116.2815051749699],"working_time":5738.066783105984,"energy_violation":0.0,"capacity_violation":0.0,"waiting_time_violation":0.0,"fixed_time_violation":0.0,"feasible":true},"config":{"customers_count":10,"trucks_count":1,"drones_count":1,"x":[0.0,7465.830835176659,812.0220865846995,-11875.443300301182,791.5522795364202,15934.66836514551,-8231.91689535358,3982.655814044169,-7751.378329549595,-1195.9446338221508,-11400.383517311371],"y":[0.0,-4005.7096494893653,13883.189060391305,15677.759148650446,6679.974549494998,8933.147463997324,15748.632988940628,142.73028490494244,7811.726731286444,14392.9115215191,-600.2675916423768],"demands":[0.0,1.0720154714490897,0.5438331264036294,22.646221406536558,0.1110705547466371,0.8826423014801295,2.4215624514462757,0.9093580121389755,20.044787208348502,0.12412478091802213,1.0417366547331244],"dronable":[true,true,true,false,true,true,false,true,false,true,true],"distances":[[0.0,8472.563948149747,13906.916205818967,19667.696497092915,6726.709075999958,18267.86193074304,17770.309417462508,3985.2125749285783,11004.859859721353,14442.513134265977,11416.175608467178],[8472.563948149747,0.0,19086.274333017675,27595.721210199375,12598.80315897916,15463.997947239712,25231.990347332106,5416.831372409406,19266.94727705228,20335.575115290703,19171.10011458337],[13906.916205818967,19086.274333017675,0.0,12813.752758076056,7203.243595977281,15912.1759125677,9234.322571774515,14101.529193479113,10497.355929032246,2071.6532860591365,18945.0090320752],[19667.696497092915,27595.721210199375,12813.752758076056,0.0,15537.467770277894,28616.290773288096,3644.21565838081,22199.469122431885,8881.57519103462,10756.5108279717,16284.957364239628],[6726.709075999958,12598.80315897916,7203.243595977281,15537.467770277894,0.0,15309.825373428648,12793.106027916694,7274.524337911271,8617.57079417677,7964.894268916955,14200.18394627517],[18267.86193074304,15463.997947239712,15912.1759125677,28616.290773288096,15309.825373428648,0.0,25109.25498882202,14836.510310857013,23712.578781799137,17979.625282085453,28949.80248705865],[17770.309417462508,25231.990347332106,9234.322571774515,3644.21565838081,12793.106027916694,25109.25498882202,0.0,19817.66852283569,7951.4400114705695,7165.3950597484345,16653.099739335255],[3985.2125749285783,5416.831372409406,14101.529193479113,22199.469122431885,7274.524337911271,14836.510310857013,19817.66852283569,0.0,14017.883712516536,15161.977703287635,15400.972206798677],[11004.859859721353,19266.94727705228,10497.355929032246,8881.57519103462,8617.57079417677,23712.578781799137,7951.4400114705695,14017.883712516536,0.0,9289.00986016639,9169.344979293728],[14442.513134265977,20335.575115290703,2071.6532860591365,10756.5108279717,7964.894268916955,17979.625282085453,7165.3950597484345,15161.977703287635,9289.00986016639,0.0,18136.31695924529],[11416.175608467178,19171.10011458337,18945.0090320752,16284.957364239628,14200.18394627517,28949.80248705865,16653.099739335255,15400.972206798677,9169.344979293728,18136.31695924529,0.0]],"truck":{"V_max (m/s)":15.6464,"M_t (kg)":400.0},"drone":{"config":"Endurance","_data":{"speed_type":"high","range_type":"high","capacity [kg]":2.27,"FixedTime (s)":700.0,"V_max (m/s)":31.2928}},"problem":"problems/data/10.20.1.txt","config":"endurance","tabu_size_factor":0.5,"speed_type":"high","range_type":"high","waiting_time_limit":3600.0,"strategy":"random","fix_iteration":null,"reset_after_factor":30.0,"max_elite_size":10,"penalty_exponent":0.4,"verbose":false,"outputs":"outputs/","disable_logging":true,"extra":"https://github.com/Serious-senpai/min-timespan-delivery-v2/actions/runs/14262331507"},"last_improved":63,"elapsed":0.013957}