{"problem":"10.5.3","tabu_size":2,"reset_after":150,"iterations":1084,"solution":{"truck_routes":[[[0,4,1,10,9,0]]],"drone_routes":[[[0,3,6,2,0],[0,8,7,0],[0,5,0]]],"truck_working_time":[750.9521045573905],"drone_working_time":[775.6904789217117],"working_time":775.6904789217117,"energy_violation":0.0,"capacity_violation":0.0,"waiting_time_violation":0.0,"fixed_time_violation":0.0,"feasible":true},"config":{"customers_count":10,"trucks_count":1,"drones_count":1,"x":[0.0,1850.5992805733267,1366.829652055312,1024.4968781094415,2161.430927379198,-2302.0566811749904,1908.6770636503347,-3935.9751445870465,-3953.308107016683,3759.5662767567605,4000.746860015931],"y":[0.0,-3174.2237157549935,1891.8197250396884,3181.7599977251957,-1296.0131170863483,-219.2563802026993,3904.0747332545684,-2628.4843719692035,-616.1752832287666,-1293.324691772804,-2289.367095865405],"demands":[0.0,5.7544457760680965,0.5557680762103105,0.6052356660156694,0.9423670488964131,0.8780029057421477,0.47963520074362614,1.1302977870001898,0.9164905004681325,1.0200283685110554,24.903920292301667],"dronable":[true,false,true,true,true,true,true,true,true,true,false],"distances":[[0.0,3674.2909377075666,2333.924842360372,3342.632276571898,2520.2050816334713,2312.474502259863,4345.669989327491,4732.951556110981,4001.039486016838,3975.805245189446,4609.466036056511],[3674.2909377075666,0.0,5089.089230647785,6409.4441370045515,1903.7571708616833,5096.7031982277385,7078.536710517104,5812.252146051121,6342.629797400427,2679.9134558665796,2325.103406548904],[2333.924842360372,5089.089230647785,0.0,1334.5926851340957,3285.3720361754636,4232.8913579596465,2083.9311014373993,6967.990229666555,5881.658332222561,3983.758716481142,4941.643763941458],[3342.632276571898,6409.4441370045515,1334.5926851340957,0.0,4619.856177427821,4757.4017053136995,1141.7150159588846,7639.713497476202,6261.2183214021015,5244.7104394424305,6228.265860495963],[2520.2050816334713,1903.7571708616833,3285.3720361754636,4619.856177427821,0.0,4591.527708959307,5206.226864716239,6241.301182569218,6152.415211858579,1598.1376106458451,2090.415084907186],[2312.474502259863,5096.7031982277385,4232.8913579596465,4757.4017053136995,4591.527708959307,0.0,5893.397843435946,2911.025431251001,1698.286161671124,6156.045453214615,6634.055385203712],[4345.669989327491,7078.536710517104,2083.9311014373993,1141.7150159588846,5206.226864716239,5893.397843435946,0.0,8765.51697839301,7402.400310212736,5517.1325579932,6537.2377747453975],[4732.951556110981,5812.252146051121,6967.990229666555,7639.713497476202,6241.301182569218,2911.025431251001,8765.51697839301,0.0,2012.3837358252413,7810.506330529437,7943.963538769622],[4001.039486016838,6342.629797400427,5881.658332222561,6261.2183214021015,6152.415211858579,1698.286161671124,7402.400310212736,2012.3837358252413,0.0,7742.542384860422,8128.13393470177],[3975.805245189446,2679.9134558665796,3983.758716481142,5244.7104394424305,1598.1376106458451,6156.045453214615,5517.1325579932,7810.506330529437,7742.542384860422,0.0,1024.8261045132497],[4609.466036056511,2325.103406548904,4941.643763941458,6228.265860495963,2090.415084907186,6634.055385203712,6537.2377747453975,7943.963538769622,8128.13393470177,1024.8261045132497,0.0]],"truck":{"V_max (m/s)":15.6464,"M_t (kg)":400.0},"drone":{"config":"Endurance","_data":{"speed_type":"high","range_type":"high","capacity [kg]":2.27,"FixedTime (s)":700.0,"V_max (m/s)":31.2928}},"problem":"problems/data/10.5.3.txt","config":"endurance","tabu_size_factor":0.5,"speed_type":"high","range_type":"high","waiting_time_limit":3600.0,"strategy":"random","fix_iteration":null,"reset_after_factor":30.0,"max_elite_size":10,"penalty_exponent":0.4,"verbose":false,"outputs":"outputs/","disable_logging":true,"extra":"https://github.com/Serious-senpai/min-timespan-delivery-v2/actions/runs/14262331507"},"last_improved":35,"elapsed":0.020637}