{"problem":"10.5.4","tabu_size":2,"reset_after":150,"iterations":1676,"solution":{"truck_routes":[[[0,5,8,0]]],"drone_routes":[[[0,10,7,9,1,2,0],[0,6,4,3,0]]],"truck_working_time":[634.7979083041288],"drone_working_time":[745.4251979411413],"working_time":745.4251979411413,"energy_violation":0.0,"capacity_violation":0.0,"waiting_time_violation":0.0,"fixed_time_violation":0.0,"feasible":true},"config":{"customers_count":10,"trucks_count":1,"drones_count":1,"x":[0.0,1870.061777121,1401.5365537052292,2341.462407850194,2311.94190595536,-2268.700178651869,1795.3761980701236,3945.2865684600592,-3674.339252231449,3899.2428880440184,1079.2808144231813],"y":[0.0,223.90813837489196,537.8239678469336,-3959.605747939388,-1679.263902080068,-3061.462341725128,-810.1909050807747,3933.0068001946343,-2949.56670128371,2881.148821401129,3993.7285743734137],"demands":[0.0,0.03850587877120433,0.7988433735327384,0.715499330650058,0.0767731689445235,29.688702175342716,0.10593916998442596,0.6529662666311234,0.3682683828988461,0.4875003284242591,0.14450006034714186],"dronable":[true,true,true,true,true,false,true,true,true,true,true],"distances":[[0.0,1883.4186748249742,1501.1859750752237,4600.100421348458,2857.4468725317847,3810.453013805068,1969.7169835467066,5570.801432258072,4711.763222596232,4848.207259495305,4136.993473786086],[1883.4186748249742,0.0,563.9672268580133,4209.9889538615535,1953.7967816096345,5284.222716546446,1036.792538261194,4250.17303385418,6388.374232324738,3343.426988653486,3851.86716419938],[1501.1859750752237,563.9672268580133,0.0,4594.598422030806,2396.730382914009,5140.573859970906,1404.3695251278318,4242.396799290909,6158.442081925656,3424.8661728425104,3470.8969173559685],[4600.100421348458,4209.9889538615535,4594.598422030806,0.0,2280.5329188611186,4696.835174041084,3196.4079841175007,8053.9173557417735,6100.003974524128,7015.8822041441135,8052.864659067901],[2857.4468725317847,1953.7967816096345,2396.730382914009,2280.5329188611186,0.0,4784.63733566423,1011.0034642256718,5845.1173830936505,6119.5777065519005,4828.756425440074,5805.367947380692],[3810.453013805068,5284.222716546446,5140.573859970906,4696.835174041084,4784.63733566423,0.0,4645.959521700603,9356.079834554132,1410.0857560884212,8564.937192420892,7809.269850158284],[1969.7169835467066,1036.792538261194,1404.3695251278318,3196.4079841175007,1011.0034642256718,4645.959521700603,0.0,5207.690377896914,5873.22023294263,4248.7932434380955,4856.998555029625],[5570.801432258072,4250.17303385418,4242.396799290909,8053.9173557417735,5845.1173830936505,9356.079834554132,5207.690377896914,0.0,10267.838898745958,1052.8652468658142,2866.6489349119665],[4711.763222596232,6388.374232324738,6158.442081925656,6100.003974524128,6119.5777065519005,1410.0857560884212,5873.22023294263,10267.838898745958,0.0,9558.053669130419,8414.645151345605],[4848.207259495305,3343.426988653486,3424.8661728425104,7015.8822041441135,4828.756425440074,8564.937192420892,4248.7932434380955,1052.8652468658142,9558.053669130419,0.0,3031.504544509838],[4136.993473786086,3851.86716419938,3470.8969173559685,8052.864659067901,5805.367947380692,7809.269850158284,4856.998555029625,2866.6489349119665,8414.645151345605,3031.504544509838,0.0]],"truck":{"V_max (m/s)":15.6464,"M_t (kg)":400.0},"drone":{"config":"Endurance","_data":{"speed_type":"high","range_type":"high","capacity [kg]":2.27,"FixedTime (s)":700.0,"V_max (m/s)":31.2928}},"problem":"problems/data/10.5.4.txt","config":"endurance","tabu_size_factor":0.5,"speed_type":"high","range_type":"high","waiting_time_limit":3600.0,"strategy":"random","fix_iteration":null,"reset_after_factor":30.0,"max_elite_size":10,"penalty_exponent":0.4,"verbose":false,"outputs":"outputs/","disable_logging":true,"extra":"https://github.com/Serious-senpai/min-timespan-delivery-v2/actions/runs/14262331507"},"last_improved":27,"elapsed":0.047292}