{"problem":"12.10.1","tabu_size":3,"reset_after":180,"iterations":1630,"solution":{"truck_routes":[[[0,4,8,6,10,5,0]]],"drone_routes":[[[0,9,1,0],[0,7,3,11,0],[0,2,12,0]]],"truck_working_time":[1590.22626058437],"drone_working_time":[1669.8569829807204],"working_time":1669.8569829807204,"energy_violation":0.0,"capacity_violation":0.0,"waiting_time_violation":0.0,"fixed_time_violation":0.0,"feasible":true},"config":{"customers_count":12,"trucks_count":1,"drones_count":1,"x":[0.0,3565.6815632438206,-488.26217752007517,-7717.0412886037175,2082.755843882615,-1260.0628136201753,6990.471798326622,-6123.957541684717,2668.0223648994547,4162.36112456124,5097.5315218175165,-2899.4729765192064,1166.7508888264617],"y":[0.0,-7359.543420174908,7846.995954295731,59.710820309663234,4248.8975370632625,-914.1006314829413,6062.399416146801,2700.2769854290887,6074.189491257728,-7811.28041106577,548.55605039047,-904.668669823247,6864.859070621775],"demands":[0.0,0.7822659506060272,0.2974956228159137,0.09535707247945445,0.6799738614218636,29.020164585423153,21.37790208322919,0.7341549607773268,0.3051601356480635,0.3120600517371328,0.5388014721322091,0.46444714019597105,0.5801226328485702],"dronable":[true,true,true,true,true,false,false,true,true,true,true,true,true],"distances":[[0.0,8177.833720729266,7862.171803053544,7717.272292207693,4731.913163371602,1556.7075058423482,9253.074226660938,6692.858266121817,6634.313929511438,8851.06500888783,5126.9621957201125,3037.3292451963302,6963.303648131065],[8177.833720729266,0.0,15737.639581608311,13503.524296884534,11702.776172636455,8051.803619881433,13851.993995660197,13967.429705452856,13463.690874796575,748.393484627625,8055.097859861085,9135.843215913126,14425.272773879993],[7862.171803053544,15737.639581608311,0.0,10625.302687210356,4422.267052821234,8795.026413105717,7688.709038938649,7632.154242555542,3620.0794008012826,16334.317121688935,9190.664626808888,9077.7514402117,1924.4898305916188],[7717.272292207693,13503.524296884534,10625.302687210356,0.0,10657.640882752248,6529.99845099853,15885.314336859074,3083.9107472608525,12000.979158827076,14250.358053687576,12823.893557440342,4913.144842419143,11190.701772475917],[4731.913163371602,11702.776172636455,4422.267052821234,10657.640882752248,0.0,6150.68993409359,5232.061252980873,8351.548970448162,1916.8274879785624,12238.163680224425,4772.986434744987,7168.113326922582,2771.699807472885],[1556.7075058423482,8051.803619881433,8795.026413105717,6529.99845099853,6150.68993409359,0.0,10804.761649268801,6059.80176930968,8016.611005237836,8773.469682927564,6523.677667007956,1639.4372949635426,8148.720070867071],[9253.074226660938,13851.993995660197,7688.709038938649,15885.314336859074,5232.061252980873,10804.761649268801,0.0,13538.542172379026,4322.465512922684,14158.99720782057,5829.724826484135,12097.56361272974,5878.747037320918],[6692.858266121817,13967.429705452856,7632.154242555542,3083.9107472608525,8351.548970448162,6059.80176930968,13538.542172379026,0.0,9417.122505031286,14707.181599591602,11425.923148025448,4836.624224426921,8396.319036520386],[6634.313929511438,13463.690874796575,3620.0794008012826,12000.979158827076,1916.8274879785624,8016.611005237836,4322.465512922684,9417.122505031286,0.0,13965.647952635754,6036.152720597719,8927.567731986413,1696.7540860720217],[8851.06500888783,748.393484627625,16334.317121688935,14250.358053687576,12238.163680224425,8773.469682927564,14158.99720782057,14707.181599591602,13965.647952635754,0.0,8411.980107810386,9877.792598321335,14978.743297432762],[5126.9621957201125,8055.097859861085,9190.664626808888,12823.893557440342,4772.986434744987,6523.677667007956,5829.724826484135,11425.923148025448,6036.152720597719,8411.980107810386,0.0,8127.972873592653,7439.537635369597],[3037.3292451963302,9135.843215913126,9077.7514402117,4913.144842419143,7168.113326922582,1639.4372949635426,12097.56361272974,4836.624224426921,8927.567731986413,9877.792598321335,8127.972873592653,0.0,8769.249559263973],[6963.303648131065,14425.272773879993,1924.4898305916188,11190.701772475917,2771.699807472885,8148.720070867071,5878.747037320918,8396.319036520386,1696.7540860720217,14978.743297432762,7439.537635369597,8769.249559263973,0.0]],"truck":{"V_max (m/s)":15.6464,"M_t (kg)":400.0},"drone":{"config":"Endurance","_data":{"speed_type":"high","range_type":"high","capacity [kg]":2.27,"FixedTime (s)":700.0,"V_max (m/s)":31.2928}},"problem":"problems/data/12.10.1.txt","config":"endurance","tabu_size_factor":0.5,"speed_type":"high","range_type":"high","waiting_time_limit":3600.0,"strategy":"random","fix_iteration":null,"reset_after_factor":30.0,"max_elite_size":10,"penalty_exponent":0.4,"verbose":false,"outputs":"outputs/","disable_logging":true,"extra":"https://github.com/Serious-senpai/min-timespan-delivery-v2/actions/runs/14262331507"},"last_improved":11,"elapsed":0.050153}