{"problem":"12.10.3","tabu_size":3,"reset_after":180,"iterations":1890,"solution":{"truck_routes":[[[0,7,6,3,2,0]]],"drone_routes":[[[0,1,8,12,0],[0,11,4,9,0],[0,10,5,0]]],"truck_working_time":[1783.6117299251619],"drone_working_time":[1788.4912930025475],"working_time":1788.4912930025475,"energy_violation":0.0,"capacity_violation":0.0,"waiting_time_violation":0.0,"fixed_time_violation":0.0,"feasible":true},"config":{"customers_count":12,"trucks_count":1,"drones_count":1,"x":[0.0,3568.5651536397745,3689.242504240958,6187.2574416228845,-2663.361039298311,-3043.2766295707715,417.1158480810174,-3764.2595456496424,4497.506772910422,-5353.775398428767,-7852.36726706787,-1626.802917883569,5196.253746359196],"y":[0.0,3276.764780612532,2281.9374124191577,193.83420037978595,4788.171601424347,-1931.2199976625066,-4172.839857743874,-7056.583439547914,2152.190736011403,7708.456245827172,3863.5921884073296,3362.9821327580903,-2813.2753502376745],"demands":[0.0,0.14206613719153952,11.600872619146479,20.352037144472646,1.119846910480542,0.24006722318721227,0.11499870920513398,11.7397990138131,0.3905488614215909,0.23061425722153267,0.8602948411368635,0.783460902410801,0.6704244256234174],"dronable":[true,true,false,false,true,true,true,false,true,true,true,true,true],"distances":[[0.0,4844.774987884862,4337.942900649608,6190.292912791336,5479.058250314443,3604.322866151589,4193.635428729619,7997.813436578545,4985.929415520081,9385.265510930049,8751.40081902555,3735.7912895241684,5908.939938162081],[4844.774987884862,0.0,1002.1200105050674,4044.99817820434,6412.58564482567,8416.623860964282,8088.772588800359,12670.769649457052,1458.6292585176382,9962.331562939624,11435.998590630821,5196.083412572895,6303.80511677153],[4337.942900649608,1002.1200105050674,0.0,3255.803073208263,6829.112796807955,7942.135056095878,7236.778458773334,11948.333126856951,818.6118298965891,10546.244802645966,11649.480157654143,5424.84991658422,5313.405309273125],[6190.292912791336,4044.99817820434,3255.803073208263,0.0,9972.030066614356,9471.991057010353,7236.185206268012,12312.645788024134,2586.5841650843845,13771.891064812942,14511.312333885307,8432.26173213971,3166.195852034588],[5479.058250314443,6412.58564482567,6829.112796807955,9972.030066614356,0.0,6730.123276553785,9475.709167393352,11895.805962688042,7630.624020796088,3970.6916057722588,5270.733603854985,1762.2763008870272,10934.145615358246],[3604.322866151589,8416.623860964282,7942.135056095878,9471.991057010353,6730.123276553785,0.0,4123.005662923627,5175.825226637103,8575.410051013254,9912.707129749855,7530.418383561813,5480.417317472357,8286.608622402722],[4193.635428729619,8088.772588800359,7236.778458773334,7236.185206268012,9475.709167393352,4123.005662923627,0.0,5079.357954396622,7526.991571097339,13208.648033760905,11531.200762459153,7808.086641066118,4968.75987554534],[7997.813436578545,12670.769649457052,11948.333126856951,12312.645788024134,11895.805962688042,5175.825226637103,5079.357954396622,0.0,12371.673472854904,14850.352102119914,11660.311337494682,10636.543966494271,9914.457221506014],[4985.929415520081,1458.6292585176382,818.6118298965891,2586.5841650843845,7630.624020796088,8575.410051013254,7526.991571097339,12371.673472854904,0.0,11310.165641356172,12467.890107576044,6242.850710628037,5014.389373253093],[9385.265510930049,9962.331562939624,10546.244802645966,13771.891064812942,3970.6916057722588,9912.707129749855,13208.648033760905,14850.352102119914,11310.165641356172,0.0,4585.405210673143,5724.811712021169,14899.998346828928],[8751.40081902555,11435.998590630821,11649.480157654143,14511.312333885307,5270.733603854985,7530.418383561813,11531.200762459153,11660.311337494682,12467.890107576044,4585.405210673143,0.0,6245.659444258203,14657.662517627488],[3735.7912895241684,5196.083412572895,5424.84991658422,8432.26173213971,1762.2763008870272,5480.417317472357,7808.086641066118,10636.543966494271,6242.850710628037,5724.811712021169,6245.659444258203,0.0,9203.27434882438],[5908.939938162081,6303.80511677153,5313.405309273125,3166.195852034588,10934.145615358246,8286.608622402722,4968.75987554534,9914.457221506014,5014.389373253093,14899.998346828928,14657.662517627488,9203.27434882438,0.0]],"truck":{"V_max (m/s)":15.6464,"M_t (kg)":400.0},"drone":{"config":"Endurance","_data":{"speed_type":"high","range_type":"high","capacity [kg]":2.27,"FixedTime (s)":700.0,"V_max (m/s)":31.2928}},"problem":"problems/data/12.10.3.txt","config":"endurance","tabu_size_factor":0.5,"speed_type":"high","range_type":"high","waiting_time_limit":3600.0,"strategy":"random","fix_iteration":null,"reset_after_factor":30.0,"max_elite_size":10,"penalty_exponent":0.4,"verbose":false,"outputs":"outputs/","disable_logging":true,"extra":"https://github.com/Serious-senpai/min-timespan-delivery-v2/actions/runs/14262331507"},"last_improved":91,"elapsed":0.040513}