{"problem":"12.20.1","tabu_size":3,"reset_after":180,"iterations":540,"solution":{"truck_routes":[[[0,4,11,7,2,0],[0,12,10,6,9,0]]],"drone_routes":[[[0,5,1,0],[0,8,3,0]]],"truck_working_time":[8240.622101600888],"drone_working_time":[1222.7354730589618],"working_time":8240.622101600888,"energy_violation":0.0,"capacity_violation":0.0,"waiting_time_violation":0.0,"fixed_time_violation":0.0,"feasible":true},"config":{"customers_count":12,"trucks_count":1,"drones_count":1,"x":[0.0,7119.830203765906,14500.25691791571,-6677.676538872446,-9036.820779511065,4612.72963656204,8087.565958773568,10500.09293249026,-1981.8924226242682,14202.469779944597,-2378.9422804440983,-10889.625707960271,-13784.509652478017],"y":[0.0,7109.279397259038,5767.426076097768,-417.0733185232526,6340.698816682185,2240.2762017523905,-11307.843592522997,12241.196630007576,-4350.425996499232,-13327.90840894471,-12163.033890148581,13306.85992964885,-11931.343695697971],"demands":[0.0,0.928685628127859,0.09348741497405509,1.0870039376039011,0.9342077802021258,0.4449801075779361,26.129538330056167,0.2588803774607509,0.13438266720339007,0.4749516069730957,1.0297947341229001,0.9603996664591674,0.3995190641964945],"dronable":[true,true,true,true,true,true,false,true,true,true,true,true,true],"distances":[[0.0,10061.502655108186,15605.148324473399,6690.688612604198,11039.41082145591,5127.97349448648,13902.375690883786,16127.580305967811,4780.5966077333715,19476.737160198536,12393.496673118021,17194.663975977066,18231.0084401311],[10061.502655108186,0.0,7501.417787221801,15716.780125570067,16174.921548627817,5476.563281103205,18442.53051271105,6145.140405148155,14634.418419584537,21629.665480355812,21486.012616462212,19046.01025653053,28276.08092705557],[15605.148324473399,7501.417787221801,0.0,22062.477156072364,23544.058022562764,10497.80843679326,18239.721477960775,7609.92884953365,19339.9115160028,19097.656303201016,24625.36822423318,26485.641441879998,33365.76795724464],[6690.688612604198,15716.780125570067,22062.477156072364,0.0,7157.726299565906,11598.912797292614,18347.2412960458,21337.937156650343,6125.491960304045,24549.341600687927,12507.865764180648,14355.725673168296,13530.909031669818],[11039.41082145591,16174.921548627817,23544.058022562764,7157.726299565906,0.0,14252.146932373,24590.96725083933,20408.499989838627,12809.065691604084,30445.340134457154,19665.08251175613,7208.34840686094,18878.773456152332],[5127.97349448648,5476.563281103205,10497.80843679326,11598.912797292614,14252.146932373,0.0,13986.637817080884,11605.147822864416,9323.4326065857,18284.733744037647,16010.584555178135,19047.107303587654,23222.687699230897],[13902.375690883786,18442.53051271105,18239.721477960775,18347.2412960458,24590.96725083933,13986.637817080884,0.0,23672.295659721585,12239.26679585686,6439.930947200982,10501.387773373775,31080.820984014747,21880.960763251816],[16127.580305967811,6145.140405148155,7609.92884953365,21337.937156650343,20408.499989838627,11605.147822864416,23672.295659721585,0.0,20762.511885263455,25835.764490596,27594.130087700254,21416.248546041843,34264.465974354665],[4780.5966077333715,14634.418419584537,19339.9115160028,6125.491960304045,12809.065691604084,9323.4326065857,12239.26679585686,20762.511885263455,0.0,18507.532800719484,7822.690757629812,19776.942598906182,14027.547420574463],[19476.737160198536,21629.665480355812,19097.656303201016,24549.341600687927,30445.340134457154,18284.733744037647,6439.930947200982,25835.764490596,18507.532800719484,0.0,16622.278982165597,36592.678781754716,28021.802417923303],[12393.496673118021,21486.012616462212,24625.36822423318,12507.865764180648,19665.08251175613,16010.584555178135,10501.387773373775,27594.130087700254,7822.690757629812,16622.278982165597,0.0,26854.184470863267,11407.92038121801],[17194.663975977066,19046.01025653053,26485.641441879998,14355.725673168296,7208.34840686094,19047.107303587654,31080.820984014747,21416.248546041843,19776.942598906182,36592.678781754716,26854.184470863267,0.0,25403.68625390213],[18231.0084401311,28276.08092705557,33365.76795724464,13530.909031669818,18878.773456152332,23222.687699230897,21880.960763251816,34264.465974354665,14027.547420574463,28021.802417923303,11407.92038121801,25403.68625390213,0.0]],"truck":{"V_max (m/s)":15.6464,"M_t (kg)":400.0},"drone":{"config":"Endurance","_data":{"speed_type":"high","range_type":"high","capacity [kg]":2.27,"FixedTime (s)":700.0,"V_max (m/s)":31.2928}},"problem":"problems/data/12.20.1.txt","config":"endurance","tabu_size_factor":0.5,"speed_type":"high","range_type":"high","waiting_time_limit":3600.0,"strategy":"random","fix_iteration":null,"reset_after_factor":30.0,"max_elite_size":10,"penalty_exponent":0.4,"verbose":false,"outputs":"outputs/","disable_logging":true,"extra":"https://github.com/Serious-senpai/min-timespan-delivery-v2/actions/runs/14262331507"},"last_improved":1,"elapsed":0.019355}