{"problem":"12.20.4","tabu_size":3,"reset_after":180,"iterations":958,"solution":{"truck_routes":[[[0,2,10,5,7,11,0],[0,12,6,8,1,4,0]]],"drone_routes":[[[0,9,3,0]]],"truck_working_time":[7417.9968484856945],"drone_working_time":[432.370779838764],"working_time":7417.9968484856945,"energy_violation":0.0,"capacity_violation":0.0,"waiting_time_violation":0.0,"fixed_time_violation":0.0,"feasible":true},"config":{"customers_count":12,"trucks_count":1,"drones_count":1,"x":[0.0,7203.4468911278145,-9192.70659158325,-5788.017439076927,14259.789848052427,1179.728494374027,-5512.348924417788,14557.735297128145,2792.951812538601,-4271.09682088639,-7777.803560965178,9924.400237024893,-9582.728462701132],"y":[0.0,9787.62369497415,-10778.674516047096,3472.5114182000493,5886.243805429474,-11162.78637669646,13738.214826733582,-13213.359531291077,10658.810820788342,2222.659916778301,-12587.378933159582,-7771.868953785478,13177.358818809103],"demands":[0.0,0.15063802101183887,0.4385668077686028,0.7014441443296383,0.5084869324112957,0.9665411438259461,1.0566428405385664,16.491794654531667,0.8055292585100122,0.994957789268318,0.5885385339975336,1.0501789651099207,0.574914966494877],"dronable":[true,true,true,true,true,true,true,false,true,true,true,true,true],"distances":[[0.0,12152.663276324183,14166.357287666482,6749.776398117818,15426.907423316443,11224.952517146703,14802.855714017223,19660.125306935646,11018.658173322072,4814.819327767009,14796.4974450007,12605.382465418266,16293.295253861585],[12152.663276324183,0.0,26302.214186894493,14445.02642819476,8063.047870891206,21799.19414782453,13315.353300344055,24148.101112376626,4495.712829623803,13743.865190125374,26927.283704772897,17769.056508222147,17125.0105757414],[14166.357287666482,26302.214186894493,0.0,14652.242448092302,28770.45519126539,10379.544861596247,24791.589210948467,23874.906932436625,24560.573791084997,13901.688378365776,2296.3802504233527,19352.122704904068,23959.208046191587],[6749.776398117818,14445.02642819476,14652.242448092302,0.0,20192.58975612185,16209.300569069133,10269.404052911317,26312.885507786257,11192.673157061812,1965.4966134536485,16182.686022677239,19321.391232987608,10420.359630162646],[15426.907423316443,8063.047870891206,28770.45519126539,20192.58975612185,0.0,21488.5419507009,21274.18436878884,19101.927104632447,12420.377226509589,18889.563458329016,28756.395120892514,14329.67714998617,24932.429435114194],[11224.952517146703,21799.19414782453,10379.544861596247,16209.300569069133,21488.5419507009,0.0,25784.564396404447,13534.249749316716,21881.146992869144,14452.739155363632,9070.107191999416,9379.10469371772,26613.401659524625],[14802.855714017223,13315.353300344055,24791.589210948467,10269.404052911317,21274.18436878884,25784.564396404447,0.0,33603.50638008003,8857.807254796186,11582.25848738994,26422.891051532948,26475.968894796853,4108.837919327156],[19660.125306935646,24148.101112376626,23874.906932436625,26312.885507786257,19101.927104632447,13534.249749316716,33603.50638008003,0.0,26613.730436711998,24347.394425883682,22344.30906943944,7146.860393505965,35766.352981174154],[11018.658173322072,4495.712829623803,24560.573791084997,11192.673157061812,12420.377226509589,21881.146992869144,8857.807254796186,26613.730436711998,0.0,11003.155237050094,25536.761878574434,19762.275010331996,12629.35256825512],[4814.819327767009,13743.865190125374,13901.688378365776,1965.4966134536485,18889.563458329016,14452.739155363632,11582.25848738994,24347.394425883682,11003.155237050094,0.0,15219.534910685787,17360.954583942115,12174.516776138693],[14796.4974450007,26927.283704772897,2296.3802504233527,16182.686022677239,28756.395120892514,9070.107191999416,26422.891051532948,22344.30906943944,25536.761878574434,15219.534910685787,0.0,18345.494151617328,25827.881549376576],[12605.382465418266,17769.056508222147,19352.122704904068,19321.391232987608,14329.67714998617,9379.10469371772,26475.968894796853,7146.860393505965,19762.275010331996,17360.954583942115,18345.494151617328,0.0,28625.13256520785],[16293.295253861585,17125.0105757414,23959.208046191587,10420.359630162646,24932.429435114194,26613.401659524625,4108.837919327156,35766.352981174154,12629.35256825512,12174.516776138693,25827.881549376576,28625.13256520785,0.0]],"truck":{"V_max (m/s)":15.6464,"M_t (kg)":400.0},"drone":{"config":"Endurance","_data":{"speed_type":"high","range_type":"high","capacity [kg]":2.27,"FixedTime (s)":700.0,"V_max (m/s)":31.2928}},"problem":"problems/data/12.20.4.txt","config":"endurance","tabu_size_factor":0.5,"speed_type":"high","range_type":"high","waiting_time_limit":3600.0,"strategy":"random","fix_iteration":null,"reset_after_factor":30.0,"max_elite_size":10,"penalty_exponent":0.4,"verbose":false,"outputs":"outputs/","disable_logging":true,"extra":"https://github.com/Serious-senpai/min-timespan-delivery-v2/actions/runs/14262331507"},"last_improved":59,"elapsed":0.039224}