{"problem":"12.5.1","tabu_size":3,"reset_after":180,"iterations":1673,"solution":{"truck_routes":[[[0,7,6,12,4,10,0]]],"drone_routes":[[[0,11,9,5,0],[0,3,8,2,1,0]]],"truck_working_time":[722.7394361159835],"drone_working_time":[713.1204114567396],"working_time":722.7394361159835,"energy_violation":0.0,"capacity_violation":0.0,"waiting_time_violation":0.0,"fixed_time_violation":0.0,"feasible":true},"config":{"customers_count":12,"trucks_count":1,"drones_count":1,"x":[0.0,1785.7241322075167,3933.3737129061706,1999.078085924743,-3704.738961239619,-2413.2452227606836,-3078.1198112719444,-702.2806549021099,3163.495470555522,611.7437994802659,-2354.4330279766305,-177.06666943431333,-3433.821817959208],"y":[0.0,-1090.1633893948417,-1641.5606846338821,163.9790300353026,2663.7227129875414,-1474.1698018262111,842.6604341827248,-360.0219322624589,-884.9040096174613,3567.396571265231,3589.3142831172686,3815.316467669714,1800.9952343566129],"demands":[0.0,0.6358463068794329,0.5015038137601534,0.23769019045738884,0.4257399595392202,0.5497562560910981,16.62626627911983,3.1107580552602445,0.4759375871951183,0.14916847960355115,2.3865551057077736,1.1024746477280125,0.7607262015006461],"dronable":[true,true,true,true,true,true,false,false,true,true,false,true,true],"distances":[[0.0,2092.191886975269,4262.176702896882,2005.792191608057,4562.94964497884,2827.8842108179733,3191.3787271149517,789.1855991842039,3284.9290248744132,3619.4680234638736,4292.61364511376,3819.4230393995717,3877.4625867528252],[2092.191886975269,0.0,2217.30415114211,1272.1608065731582,6651.078547887154,4216.491974230531,5233.811788697683,2592.9277599084435,1392.9771260720142,4803.2379296443605,6248.072710729559,5283.585937512124,5966.779542902039],[4262.176702896882,2217.30415114211,0.0,2646.0297114369587,8767.909121152044,6348.8260034601835,7438.574863961919,4809.535631597888,1079.4636778937165,6177.901016975734,8179.154390212768,6831.780762883744,8131.836277580809],[2005.792191608057,1272.1608065731582,2646.0297114369587,0.0,6227.539432872538,4706.604782186195,5122.357556402519,2751.7114774501015,1567.1705320422552,3675.31595679827,5539.492812060403,4250.6318447670055,5674.171606396197],[4562.94964497884,6651.078547887154,8767.909121152044,6227.539432872538,0.0,4334.75611086506,1925.855493642242,4261.195555354525,7730.808225954298,4410.062342612227,1637.0845635154112,3710.881293465729,904.2647847329332],[2827.8842108179733,4216.491974230531,6348.8260034601835,4706.604782186195,4334.75611086506,0.0,2410.3444900953973,2041.745632472597,5607.786634168272,5879.4515117453475,5063.825624242133,5742.748428892104,3430.4930550726162],[3191.3787271149517,5233.811788697683,7438.574863961919,5122.357556402519,1925.855493642242,2410.3444900953973,0.0,2662.903785625443,6476.28290254717,4586.8595446859545,2840.3925655062653,4153.648182645298,1022.2179350733737],[789.1855991842039,2592.9277599084435,4809.535631597888,2751.7114774501015,4261.195555354525,2041.745632472597,2662.903785625443,0.0,3901.246755498391,4141.409949348963,4280.988671553061,4208.241970761557,3483.003347672472],[3284.9290248744132,1392.9771260720142,1079.4636778937165,1567.1705320422552,7730.808225954298,5607.786634168272,6476.28290254717,3901.246755498391,0.0,5131.707031131427,7103.954127523302,5766.4051146483935,7123.106776829606],[3619.4680234638736,4803.2379296443605,6177.901016975734,3675.31595679827,4410.062342612227,5879.4515117453475,4586.8595446859545,4141.409949348963,5131.707031131427,0.0,2966.2578036703226,826.8532100091574,4414.38272559607],[4292.61364511376,6248.072710729559,8179.154390212768,5539.492812060403,1637.0845635154112,5063.825624242133,2840.3925655062653,4280.988671553061,7103.954127523302,2966.2578036703226,0.0,2189.0640115662013,2088.8190874511533],[3819.4230393995717,5283.585937512124,6831.780762883744,4250.6318447670055,3710.881293465729,5742.748428892104,4153.648182645298,4208.241970761557,5766.4051146483935,826.8532100091574,2189.0640115662013,0.0,3829.3529647212495],[3877.4625867528252,5966.779542902039,8131.836277580809,5674.171606396197,904.2647847329332,3430.4930550726162,1022.2179350733737,3483.003347672472,7123.106776829606,4414.38272559607,2088.8190874511533,3829.3529647212495,0.0]],"truck":{"V_max (m/s)":15.6464,"M_t (kg)":400.0},"drone":{"config":"Endurance","_data":{"speed_type":"high","range_type":"high","capacity [kg]":2.27,"FixedTime (s)":700.0,"V_max (m/s)":31.2928}},"problem":"problems/data/12.5.1.txt","config":"endurance","tabu_size_factor":0.5,"speed_type":"high","range_type":"high","waiting_time_limit":3600.0,"strategy":"random","fix_iteration":null,"reset_after_factor":30.0,"max_elite_size":10,"penalty_exponent":0.4,"verbose":false,"outputs":"outputs/","disable_logging":true,"extra":"https://github.com/Serious-senpai/min-timespan-delivery-v2/actions/runs/14262331507"},"last_improved":54,"elapsed":0.03641}