{"problem":"20.10.3","tabu_size":2,"reset_after":150,"iterations":1872,"solution":{"truck_routes":[[[0,9,19,7,0]],[[0,6,5,12,4,0]]],"drone_routes":[[[0,3,10,17,2,16,0],[0,1,8,20,0]],[[0,18,14,0],[0,15,13,11,0]]],"truck_working_time":[1206.1754607013595,1097.485726696144],"drone_working_time":[1156.7090834021394,1175.9812589584728],"working_time":1206.1754607013595,"energy_violation":0.0,"capacity_violation":0.0,"waiting_time_violation":0.0,"fixed_time_violation":0.0,"feasible":true},"config":{"customers_count":20,"trucks_count":2,"drones_count":2,"x":[0.0,3724.2653658315094,3966.896998009247,629.5823989799526,-1459.273210689013,-2776.4243695754535,-489.29131637102233,-5087.766081083141,6729.25809081299,-4236.361788699662,962.7041283797874,2723.7689773545553,-2518.1953042179753,3319.4852575504374,-7983.158374406523,1033.6840833014987,2067.88329832703,1626.9940532312892,-7844.264858980194,-5549.0916522079915,6704.669353172658],"y":[0.0,-1724.9801465380428,7543.370635446076,7436.50871468381,1722.1655612849388,7517.932070347712,6393.23455595269,-2844.853342806171,-421.5403686177981,-7175.954689539975,5848.157070697191,-7584.878364815226,5649.667841834957,-4145.064107869277,5944.19070462078,-1401.548987788267,4913.405312497909,6586.769224155514,5949.186746845635,-3459.0628698619485,-1237.9398959536668],"demands":[0.0,0.7246549792830279,0.23782083998726966,0.040588205517882114,1.059411424468221,1.0875552027684718,0.8881745861683329,0.7634361371641118,0.4656203404515892,10.787687380825519,0.07725654771916111,1.0005031664378257,1.0108008975127962,0.43296038563456485,0.14496865865041098,0.6401239295103421,0.016215273721954436,0.26497387032440756,0.29530813396228894,1.0389352750613923,0.3919769085374828],"dronable":[true,true,true,true,true,true,true,true,true,false,true,true,true,true,true,true,true,true,true,true,true],"distances":[[0.0,4104.352448448173,8522.834759428633,7463.1116741392525,2257.284325004382,8014.227030371369,6411.930604716779,5829.112645840321,6742.448422876256,8333.131878896755,5926.865981473263,8059.112683853054,6185.471228067391,5310.4179528019085,9953.101062671727,1741.5057706597402,5330.824804885502,6784.735695775644,9845.065470918684,6538.924537128563,6817.997236825961],[4104.352448448173,0.0,9271.526105600895,9670.053816789916,6225.101260641373,11300.017401981351,9146.555082098961,8882.905729384529,3275.505538364483,9648.041674967733,8060.932190464655,5944.695126911349,9661.974341175233,2453.7019615170693,13995.711921076154,2709.951171580599,6841.912236815843,8572.264844245106,13882.497220236999,9434.097374701667,3019.936445266408],[8522.834759428633,9271.526105600895,0.0,3339.025037792179,7957.9992240012125,6743.369349747843,4602.219822495627,13780.497846529848,8430.328944335071,16850.87513289718,3449.481675272549,15179.238620222159,6755.925727754659,11706.350785382494,12056.583257911729,9413.571323845757,3243.912858183863,2527.8908305272307,11918.261898560355,14546.737882762165,9198.196133893267],[7463.1116741392525,9670.053816789916,3339.025037792179,0.0,6084.162673108112,3406.9798752403585,1529.8037002110495,11764.118300989427,9947.611720464167,15401.34732993813,1622.9082018257632,15166.663681152322,3619.572457298413,11889.844676556795,8741.070682285572,8847.291230851255,2904.2658719863575,1310.3004273065299,8603.383868412051,12525.553607916267,10590.219081756188],[2257.284325004382,6225.101260641373,7957.9992240012125,6084.162673108112,0.0,5943.550841284155,4770.718020198963,5832.977128433351,8464.485807748646,9321.414322314915,4784.32651129757,10203.867334952483,4067.7500124625835,7567.094322682501,7770.879869122509,3996.552095713518,4756.558019073883,5761.025466109304,7657.403375291593,6600.889556742603,8684.018799150888],[8014.227030371369,11300.017401981351,6743.369349747843,3406.9798752403585,5943.550841284155,0.0,2548.7098897180445,10617.420686137957,12385.201720070183,14766.235992295455,4095.0250882844316,16073.176720675961,1886.0258422767592,13159.999773373487,5439.369529942257,9699.178767768482,5500.079673391505,4500.795268887775,5305.088982859732,11321.753476276075,12905.67441359792],[6411.930604716779,9146.555082098961,4602.219822495627,1529.8037002110495,4770.718020198963,2548.7098897180445,0.0,10319.31384283321,9927.165396854802,14077.053452501734,1550.9352779885953,14342.642618320197,2160.866226827823,11205.468206102089,7507.30869645898,7942.1725341233,2954.494305264453,2125.1163340836592,7368.3657800935525,11075.619350864747,10487.511317293995],[5829.112645840321,8882.905729384529,13780.497846529848,11764.118300989427,5832.977128433351,10617.420686137957,10319.31384283321,0.0,12062.939361948527,4413.9923136281495,10591.346458542288,9137.172274750716,8874.659662975046,8507.198311109367,9253.679905845433,6289.298814355889,10554.330646879216,11577.716005629058,9215.933301134024,768.1631504438046,11901.416062669483],[6742.448422876256,3275.505538364483,8430.328944335071,9947.611720464167,8464.485807748646,12385.201720070183,9927.165396854802,12062.939361948527,0.0,12878.933657746735,8518.347878679702,8207.152629615208,11062.321791917764,5048.879064824652,16030.524955311272,5779.271594992653,7084.494362795319,8668.881222935168,15905.14807060436,12648.494588586736,816.7697314745294],[8333.131878896755,9648.041674967733,16850.87513289718,15401.34732993813,9321.414322314915,14766.235992295455,14077.053452501734,4413.9923136281495,12878.933657746735,0.0,14023.472235979407,6972.133020301254,12940.196651740207,8141.076237475392,13644.658288816992,7817.745499913584,13634.373156701176,14959.662805481661,13611.99112142181,3941.89605313687,12448.54136580948],[5926.865981473263,8060.932190464655,3449.481675272549,1622.9082018257632,4784.32651129757,4095.0250882844316,1550.9352779885953,10591.346458542288,8518.347878679702,14023.472235979407,0.0,13547.98104567713,3486.55400558112,10267.37000475605,8946.377947393165,7250.05352314322,1447.4742993027282,993.392680411707,8807.54845230971,11359.041654559704,9120.467908145345],[8059.112683853054,5944.695126911349,15179.238620222159,15166.663681152322,10203.867334952483,16073.176720675961,14342.642618320197,9137.172274750716,8207.152629615208,6972.133020301254,13547.98104567713,0.0,14234.865746653213,3491.017045042752,17253.23167413744,6410.144236591789,12515.481648843777,14214.025137875822,17171.320788238507,9244.597151556285,7492.075528830674],[6185.471228067391,9661.974341175233,6755.925727754659,3619.572457298413,4067.7500124625835,1886.0258422767592,2160.866226827823,8874.659662975046,11062.321791917764,12940.196651740207,3486.55400558112,14234.865746653213,0.0,11402.424667929434,5472.893665624081,7895.283779690727,4644.803490011922,4249.794560900296,5334.484837041325,9599.75561410131,11510.880628266066],[5310.4179528019085,2453.7019615170693,11706.350785382494,11889.844676556795,7567.094322682501,13159.999773373487,11205.468206102089,8507.198311109367,5048.879064824652,8141.076237475392,10267.37000475605,3491.017045042752,11402.424667929434,0.0,15150.670471710848,3570.960966226171,9144.527090235957,10864.472980455886,15050.688256098138,8895.069089267827,4462.156714500242],[9953.101062671727,13995.711921076154,12056.583257911729,8741.070682285572,7770.879869122509,5439.369529942257,7507.30869645898,9253.679905845433,16030.524955311272,13644.658288816992,8946.377947393165,17253.23167413744,5472.893665624081,15150.670471710848,0.0,11630.276846909526,10103.759559274973,9631.611331246728,138.98334096357172,9713.179633577078,16349.779304894353],[1741.5057706597402,2709.951171580599,9413.571323845757,8847.291230851255,3996.552095713518,9699.178767768482,7942.1725341233,6289.298814355889,5779.271594992653,7817.745499913584,7250.05352314322,6410.144236591789,7895.283779690727,3570.960966226171,11630.276846909526,0.0,6399.079295575441,8010.321128125312,11526.113536755764,6896.832588872839,5673.344856962832],[5330.824804885502,6841.912236815843,3243.912858183863,2904.2658719863575,4756.558019073883,5500.079673391505,2954.494305264453,10554.330646879216,7084.494362795319,13634.373156701176,