{"problem":"20.10.1","tabu_size":2,"reset_after":150,"iterations":1675,"solution":{"truck_routes":[[[0,15,13,17,18,12,0]],[[0,3,1,6,0]]],"drone_routes":[[[0,4,9,0],[0,10,7,0]],[[0,19,16,11,0],[0,5,2,0],[0,20,14,8,0]]],"truck_working_time":[1339.557602552025,1380.0627524741383],"drone_working_time":[1288.9787491597237,1378.10538979446],"working_time":1380.0627524741383,"energy_violation":0.0,"capacity_violation":0.0,"waiting_time_violation":0.0,"fixed_time_violation":0.0,"feasible":true},"config":{"customers_count":20,"trucks_count":2,"drones_count":2,"x":[0.0,3721.381775435554,-210.60768375178796,2818.683908563699,3286.8436724919143,-993.2103138145084,6084.064394064231,-7447.4640771182185,4899.773682802023,5279.774974100694,-2180.7970827348227,1451.098918718917,-6547.698161750711,-5917.809561599182,4514.235354505242,-3975.7910790331844,996.5538064224903,-5838.220512271631,-4758.424898976671,350.2921530441566,734.0647934646631],"y":[0.0,3732.111412864171,-2984.970822677348,7302.385094803339,1182.891496923854,-7558.348563472719,535.073829843365,6912.0073219811775,3500.45838662853,-6602.291586243266,2533.1206928699835,4240.870832603436,-765.5977373055964,-4336.5727783874245,3658.1589656626156,-4101.632672472593,7610.591208744221,-2729.351432586826,153.0113955614185,4549.29796006279,978.8570627714553],"demands":[0.0,7.182900011392527,0.13581674451514983,15.187965139057571,0.6195383754095426,0.7778661529669674,11.924834059665004,1.0927888455058237,0.3802316315756805,0.44990789138994786,0.8897431787145067,0.6814894211206143,0.9204991047379489,0.8417767267582608,0.4742538605437859,0.23452122673527426,0.37459647680483454,0.38661259218964056,0.6522162971382603,1.064229960920963,0.12429437856310548],"dronable":[true,false,true,false,true,true,false,true,true,true,true,true,true,true,true,true,true,true,true,true,true],"distances":[[0.0,5270.421037884438,2992.3914196993646,7827.503244918004,3493.2182326466364,7623.326028343379,6107.548080408652,10160.736508693044,6021.709978004364,8453.773001856543,3342.540405247305,4482.262095274413,6592.305447471399,7336.643201737804,5810.374157825195,5712.294222465656,7675.559786472253,6444.701544095971,4760.884372296055,4562.764131742487,1223.5245278873158],[5270.421037884438,0.0,7783.298456707659,3682.6237389668872,2585.9902441302083,12235.2713515183,3975.3387860178127,11612.702341441749,1200.9457156386861,10451.24273517779,6022.731441834805,2326.589864302449,11210.860375361131,12570.508112646796,796.2950221436228,10982.4412744216,4739.967614632574,11538.479015983005,9204.188077677612,3468.722977569321,4062.569663042855],[2992.3914196993646,7783.298456707659,0.0,10724.098998246809,5440.886169039233,4639.854613733459,7212.046236885639,12260.598144220252,8256.923745593045,6574.900093246466,5859.26447959303,7414.449167664829,6714.486772525295,5865.064460104776,8152.012949014231,3927.281462652108,10664.106789837682,5633.4152536726215,5525.357348179256,7555.118444967642,4074.8420330942645],[7827.503244918004,3682.6237389668872,10724.098998246809,0.0,6137.37529071258,15341.836344610747,7513.934486801295,10273.567504495917,4334.233651151291,14120.800361073985,6909.464025371575,3353.081908051482,12362.097721111566,14553.063544426237,4019.362982631257,13274.65674107714,1848.0122071565631,13250.574776456015,10417.587156953281,3697.62716213936,6658.276325516185],[3493.2182326466364,2585.9902441302083,5440.886169039233,6137.37529071258,0.0,9732.83822526499,2871.256083141168,12167.503071717812,2823.589826163562,8036.221177354662,5631.892604604755,3566.678625619137,10025.708123887129,10732.66635306908,2762.8679633438696,8981.762590438206,6823.543892725827,9928.36548055926,8110.918530613069,4467.216952581834,2560.9197674912657],[7623.326028343379,12235.2713515183,4639.854613733459,15341.836344610747,9732.83822526499,0.0,10751.339606179798,15844.512964834556,12530.94056900703,6345.422709805052,10161.107916237508,12049.739664448683,8774.611047748218,5884.854880168528,12495.679210856993,4565.596650181137,15298.885419118855,6840.565555073478,8581.486659671089,12181.958102757406,8710.187093340846],[6107.548080408652,3975.3387860178127,7212.046236885639,7513.934486801295,2871.256083141168,10751.339606179798,0.0,14958.861705677014,3193.125437310895,7182.539004684539,8502.94810624689,5932.731286802661,12698.54998777727,12952.911607940445,3495.429012155424,11076.991438483064,8714.683594858441,12361.122508972896,10849.218671102359,6999.295641671972,5368.373988857673],[10160.736508693044,11612.702341441749,12260.598144220252,10273.567504495917,12167.503071717812,15844.512964834556,14958.861705677014,0.0,12809.876909568882,18563.913618838782,6849.264875907211,9290.823081717099,7730.148649854218,11352.109813213414,12396.361660520317,11547.847389581504,8472.86595340681,9774.735980336514,7274.266810815991,8147.8462033799415,10106.418092407497],[6021.709978004364,1200.9457156386861,8256.923745593045,4334.233651151291,2823.589826163562,12530.94056900703,3193.125437310895,12809.876909568882,0.0,10109.894064516686,7146.343441197124,3527.2607244968735,12216.539873646034,13358.11231914828,416.5444456640403,11686.20718250349,5668.184649320888,12414.30826574834,10221.849206629702,4668.816406800523,4869.4562106237345],[8453.773001856543,10451.24273517779,6574.900093246466,14120.800361073985,8036.221177354662,6345.422709805052,7182.539004684539,18563.913618838782,10109.894064516686,0.0,11794.740053286807,11499.257870773366,13189.242429552709,11424.507917210994,10288.969648962719,9587.429163594636,14844.258853688112,11773.253121750155,12099.569210010317,12192.528461823413,8839.530297747488],[3342.540405247305,6022.731441834805,5859.26447959303,6909.464025371575,5631.892604604755,10161.107916237508,8502.94810624689,6849.264875907211,7146.343441197124,11794.740053286807,0.0,4013.3625683627547,5472.784329341891,7820.354893240114,6788.900533292917,6873.278378304767,5989.679917357936,6408.615998336512,3508.4306215455354,3235.9517135181836,3303.3551412417405],[4482.262095274413,2326.589864302449,7414.449167664829,3353.081908051482,3566.678625619137,12049.739664448683,5932.731286802661,9290.823081717099,3527.2607244968735,11499.257870773366,4013.3625683627547,0.0,9436.391379972347,11308.109969885858,3118.0695861566987,9952.311278286448,3400.239208128006,10085.542930014746,7434.297600953453,1143.1985078314947,3339.8909819562346],[6592.305447471399,11210.860375361131,6714.486772525295,12362.097721111566,10025.708123887129,8774.611047748218,12698.54998777727,7730.148649854218,12216.539873646034,13189.242429552709,5472.784329341891,9436.391379972347,0.0,3626.1029208545933,11913.68945730595,4212.343187679186,11272.811495772134,2087.9863770726674,2011.3034449989755,8708.064460998712,7487.803034632976],[7336.643201737804,12570.508112646796,5865.064460104776,14553.063544426237,10732.66635306908,5884.854880168528,12952.911607940445,11352.109813213414,13358.11231914828,11424.507917210994,7820.354893240114,11308.109969885858,3626.1029208545933,0.0,13143.184423530758,1956.178069602871,13803.736744825848,1609.1907503990788,4636.867353170266,10874.180331664567,8514.765224704575],[5810.374157825195,796.2950221436228,8152.012949014231,4019.362982631257,2762.8679633438696,12495.679210856993,3495.429012155424,12396.361660520317,416.5444456640403,10288.969648962719,6788.900533292917,3118.0695861566987,11913.68945730595,13143.184423530758,0.0,11501.952665067542,5291.106132924661,12164.441276166679,9913.036248531002,4258.233400406153,4633.394884681646],[5712.294222465656,10982.4412744216,3927.281462652108,13274.65674107714,8981.762590438206,4565.596650181137,11076.991438483064,11547.847389581504,11686.20718250349,9587.429163594636,6873.278378304767,9952.311278286448,4212.343187679186,1956.178069602871,11501.952665067542,0.0,12724.008877066326,2313.3955984948407,4326.027258556786,9672.31083763336,6927.778741387647],[7675.559786472253,4739.967614632574,10664.106789837682,1848.0122071565631,6823.543892725827,15298.885419118855,8714.683594858441,8472.86595340681,5668.184649320888,