{"problem":"20.10.4","tabu_size":2,"reset_after":150,"iterations":1730,"solution":{"truck_routes":[[[0,6,11,1,5,4,16,15,0]],[[0,13,2,8,14,0]]],"drone_routes":[[[0,10,0],[0,19,0]],[[0,7,9,3,20,0],[0,12,18,17,0]]],"truck_working_time":[1317.40386700433,1190.94145295934],"drone_working_time":[1325.8547556895428,1318.4553005800226],"working_time":1325.8547556895428,"energy_violation":0.0,"capacity_violation":0.0,"waiting_time_violation":0.0,"fixed_time_violation":0.0,"feasible":true},"config":{"customers_count":20,"trucks_count":2,"drones_count":2,"x":[0.0,3670.923619808127,-896.6402140957586,-7152.241832013864,5876.889487873639,6072.931944941638,417.28896696567546,-461.9797271630794,-2976.1011791916235,-5215.231197272404,7181.529924181887,3319.476489750464,-4643.697089427011,1410.2285852738187,-2088.9758284009254,4918.787464945978,6388.390695722388,-7732.274928952055,-7083.12427995813,7029.108505146416,-7191.114521804557],"y":[0.0,2670.813942213255,5889.85533883516,4955.222106610626,-207.70295072269892,2194.5410641007566,2624.362681697448,629.6669173718643,7761.836003913374,3436.8138005957044,-7199.816158916481,1977.2828665765878,-378.94597179113765,358.7241685881084,3886.1023348429953,-3072.8983535000693,-1515.5590841953676,-4827.46748197437,-4719.6562926709985,7901.7104453577485,7586.005039512823],"demands":[0.0,18.46690286579906,17.344053153688762,0.14148172904103884,0.8596200591267189,0.46121803490491853,0.014300996812686805,0.6195711823441198,0.5868988291532385,0.1742390588462886,0.3665192887235284,0.7686488696206086,0.4741978579102619,0.6251926795253222,15.985317099794827,14.426395345271708,26.71481417568095,0.24733031776812178,0.09422921185942641,0.3729070057074925,0.5427601969484066],"dronable":[true,false,false,true,true,true,true,true,true,true,true,true,true,true,false,false,false,true,true,true,true],"distances":[[0.0,4539.705644244559,5957.714292070301,8701.07978066238,5880.558695261752,6457.28370833411,2657.331286655373,780.9645927583782,8312.838046084606,6245.824648592726,10169.155558556215,3863.750988413124,4659.133257150907,1455.1383754999472,4411.984969207796,5799.756410079058,6565.702934102294,9115.509742544324,8511.51015309747,10575.698290864648,10452.731725497519],[4539.705644244559,0.0,5587.921517876953,11061.619730359496,3626.588605561387,2448.7710894316474,3253.9662219790675,4609.4653976816735,8372.660527648008,8919.108880160926,10476.339781509438,777.4962624344379,8856.294545209634,3233.6513665622733,5886.711096252264,5877.703217408195,4991.026590283776,13647.606436982402,13048.700951557483,6216.082685319093,11922.37292290514],[5957.714292070301,5587.921517876953,0.0,6325.0368284206925,9113.776479485186,7888.617348375129,3519.9221847457206,5278.1163276492,2797.940227342982,4966.652883814493,15381.68822665485,5751.857387933631,7303.30781900073,5992.917126073358,2331.6711427961072,10684.10748914637,10388.062289658952,12711.684011191957,12281.462541417186,8177.10546160498,6518.997669697012],[8701.07978066238,11061.619730359496,6325.0368284206925,0.0,14014.779987517242,13510.239866454807,7920.27159732584,7966.808314924668,5031.623229206206,2461.213924647067,18793.66829533668,10886.919064993053,5894.586144438005,9718.214493474197,5174.9086668005075,14496.912306077827,15007.322828222152,9799.870100167296,9675.125284816128,14484.215232992388,2631.0701104419563],[5880.558695261752,3626.588605561387,9113.776479485186,14014.779987517242,0.0,2410.230061991671,6150.433610261462,6393.938631339289,11911.716706697087,11675.514705762876,7112.786639865455,3363.7069231382807,10521.980141719678,4502.432598085682,8956.240949927134,3021.1428603153895,1404.322310401999,14371.902464475801,13722.961772966777,8190.86041220909,15215.604261219021],[6457.28370833411,2448.7710894316474,7888.617348375129,13510.239866454807,2410.230061991671,0.0,5671.952407882338,6719.665293547809,10624.489325540506,11356.314044489885,9459.54211963939,2762.0134083877083,11021.296356789286,5011.090329869066,8335.353503794837,5392.39904854967,3723.487254420387,15488.458311018363,14862.299299943916,5786.713744487657,14317.919278658066],[2657.331286655373,3253.9662219790675,3519.9221847457206,7920.27159732584,6150.433610261462,5671.952407882338,0.0,2179.8909671571446,6157.006482091586,5690.813669515774,11927.67561680178,2973.4499667128343,5885.018498791708,2473.6707456107047,2805.9490688203587,7261.010400109533,7265.879718442529,11042.87845092279,10497.181220237833,8459.70194652737,9083.26475089209],[780.9645927583782,4609.4653976816735,5278.1163276492,7966.808314924668,6393.938631339289,6719.665293547809,2179.8909671571446,0.0,7562.317274127585,5520.27835911286,10941.8483370996,4014.4090308518685,4301.634579790029,1891.7119067861033,3640.259323400399,6531.588257135025,7178.409958238953,9090.517486572686,8512.03935578959,10440.259574223583,9678.424208206943],[8312.838046084606,8372.660527648008,2797.940227342982,5031.623229206206,11911.716706697087,10624.489325540506,6157.006482091586,7562.317274127585,0.0,4870.269016908744,18083.92946993911,8549.582047349166,8309.825948585762,8604.995854093626,3975.9656514589333,13405.99624418298,13181.948554602797,13457.776599338224,13139.835946461613,10006.187370169571,4218.679177947415],[6245.824648592726,8919.108880160926,4966.652883814493,2461.213924647067,11675.514705762876,11356.314044489885,5690.813669515774,5520.27835911286,4870.269016908744,0.0,16334.551821154839,8658.606461220303,3858.3252684288186,7305.570006016649,3158.375028144033,12044.695370800073,12616.260865470476,8639.088740406936,8367.61787790882,13033.00260096027,4595.63954736126],[10169.155558556215,10476.339781509438,15381.68822665485,18793.66829533668,7112.786639865455,9459.54211963939,11927.67561680178,10941.8483370996,18083.92946993911,16334.551821154839,0.0,9956.636141494244,13651.383227827168,9509.965879381232,14451.292874997358,4706.533119982476,5739.324727460397,15101.31164642166,14478.658519552986,15102.295788011275,20620.21864294039],[3863.750988413124,777.4962624344379,5751.857387933631,10886.919064993053,3363.7069231382807,2762.0134083877083,2973.4499667128343,4014.4090308518685,8549.582047349166,8658.606461220303,9956.636141494244,0.0,8304.453491402424,2502.990175686398,5735.411775988712,5297.369720058794,4649.535385034586,12978.668526736381,12371.86715401542,6990.007998984939,11913.449870854696],[4659.133257150907,8856.294545209634,7303.30781900073,5894.586144438005,10521.980141719678,11021.296356789286,5885.018498791708,4301.634579790029,8309.825948585762,3858.3252684288186,13651.383227827168,8304.453491402424,0.0,6098.702592421525,4971.643368088805,9934.711384209268,11090.484672300476,5415.593845310788,4979.213904593324,14311.66171859766,8362.402775952196],[1455.1383754999472,3233.6513665622733,5992.917126073358,9718.214493474197,4502.432598085682,5011.090329869066,2473.6707456107047,1891.7119067861033,8604.995854093626,7305.570006016649,9509.965879381232,2502.990175686398,6098.702592421525,0.0,4968.584129956189,4907.750864319539,5319.307822411705,10511.039641443487,9895.806738343366,9405.767035467263,11234.620244268117],[4411.984969207796,5886.711096252264,2331.6711427961072,5174.9086668005075,8956.240949927134,8335.353503794837,2805.9490688203587,3640.259323400399,3975.9656514589333,3158.375028144033,14451.292874997358,5735.411775988712,4971.643368088805,4968.584129956189,0.0,9876.05371370263,10052.049008548163,10381.383515256135,9949.90453779446,9963.160663710756,6302.467712789143],[5799.756410079058,5877.703217408195,10684.10748914637,14496.912306077827,3021.1428603153895,5392.39904854967,7261.010400109533,6531.588257135025,13405.99624418298,12044.695370800073,4706.533119982476,5297.369720058794,9934.711384209268,4907.750864319539,9876.05371370263,0.0,2141.2704769895286,12772.153010393202,12114.35913462572,11175.665223183812,16132.636104192217],[6565.702934102294,4991.026590283776,10388.062289658952,15007.322828222152,1404.322310401999,3723.487254420387,7265.879718442529,7178.409958238953,13181.948554602797,12616.260865470476,5739.324727460397,