{"problem":"20.20.3","tabu_size":2,"reset_after":150,"iterations":1728,"solution":{"truck_routes":[[[0,11,2,10,5,13,0],[0,8,3,9,12,0]],[[0,16,20,0],[0,14,15,6,19,4,0]]],"drone_routes":[[[0,7,0],[0,1,18,0]],[[0,17,0]]],"truck_working_time":[5505.983606715483,5495.009636682005],"drone_working_time":[1201.8944819346975,511.7156246182314],"working_time":5505.983606715483,"energy_violation":0.0,"capacity_violation":0.0,"waiting_time_violation":0.0,"fixed_time_violation":0.0,"feasible":true},"config":{"customers_count":20,"trucks_count":2,"drones_count":2,"x":[0.0,7344.7301105811675,-13709.17550662013,15693.214826388526,7007.661852756009,-5730.74992606732,10354.62198368575,1435.7390213296114,11970.68180981737,12240.20036303414,-14680.239180331966,-8181.776961863436,10835.508438868364,-4035.6477704923955,15511.454614286382,14847.050811657684,-2245.289356461031,-7999.335292401189,-1158.6892393508251,8158.833205040684,-8411.624963521812],"y":[0.0,-115.46367497570559,-9878.747864206256,10044.568072912067,-15969.53183708431,-12721.43771759875,-4986.514150306127,-8497.527069853968,11601.673492390772,6299.964258084351,-11084.595940005756,-7871.183224455139,5657.373875368625,-15184.442752495286,-6035.163591355843,-3445.713022315811,10365.0961751733,-338.8138275857044,-3643.137234057779,-8298.339699398895,12955.212640679829],"demands":[0.0,0.9084520431842777,0.6697071383867306,1.0275500254331413,1.079556575207249,0.04907254290805207,0.25245596051393326,1.021884836622073,2.7741836314480603,0.7005061784861072,1.0942559732258557,0.9281557338304048,0.5193487458488761,0.9877744920658554,0.4022023096287789,0.14315544853530895,22.02002041529522,0.18651094838669588,1.0497551218226313,0.3602596543288979,0.10961145348678576],"dronable":[true,true,true,true,true,true,true,true,false,true,true,true,true,true,true,true,false,true,true,true,true],"distances":[[0.0,7345.637634509107,16897.66707080812,18632.507597168587,17439.41718459138,13952.65108564909,11492.759450899139,8617.964541599686,16670.21448020196,13766.337733048736,18395.045244438672,11353.281446640141,12223.50695563638,15711.580271611347,16644.170866267068,15241.648730898565,10605.495887266628,8006.507349026696,3822.9582340859492,11637.396660520522,15446.454903704402],[7345.637634509107,0.0,23207.51300544071,13150.035823835484,15857.650907344978,18162.564790031145,5725.95684763671,10255.494256671025,12597.250990694249,8069.903627487704,24605.307047736467,17355.794640432046,6746.197945502718,18883.514798753735,10086.537375105998,8208.250521107431,14206.006059086547,15345.690873390842,9206.118692491675,8223.273306870471,20472.061561304694],[16897.66707080812,23207.51300544071,0.0,35516.74358981737,21593.633311212616,8469.72020476474,24556.064431538547,15207.76798026766,33479.30067145277,30579.74548554236,1548.2358477674147,5880.684522685896,29048.452431942253,11033.020307660494,29472.332190129306,29271.86360342776,23264.43438286288,11118.121095535122,14014.190860543325,21925.042644899528,23440.430757462174],[18632.507597168587,13150.035823835484,35516.74358981737,0.0,27425.758414035703,31261.434473933576,15950.987629024834,23389.846271731418,4035.0748873883754,5093.659452118571,36999.841623757624,29849.445178063415,6545.5927366674005,32027.035557402567,16080.75891149306,13516.792428978411,17941.367578377358,25867.963793521656,21710.364971859246,19830.00685727592,24279.93313617483],[17439.41718459138,15857.650907344978,21593.633311212616,27425.758414035703,0.0,13145.99749185666,11481.673206728872,9320.792846152292,28014.334373928366,22875.968079936552,22231.231408529424,17213.433758397554,21963.04760688146,11071.181161270537,13076.932506241457,14775.048458604086,27912.89556144497,21668.624986538034,14786.11828943202,7757.086069885228,32777.96895822842],[13952.65108564909,18162.564790031145,8469.72020476474,31261.434473933576,13145.99749185666,0.0,17848.479825098046,8318.652835242863,30082.460411902874,26168.08719440297,9097.945312930395,5434.381489963995,24743.11281515714,2989.943999435515,22269.65458702691,22571.773342477933,23348.158012237127,12588.719313967804,10164.60912148021,14576.841757889928,25816.224832220032],[11492.759450899139,5725.95684763671,24556.064431538547,15950.987629024834,11481.673206728872,17848.479825098046,0.0,9585.076161274801,16666.721892170597,11442.901759944047,25766.85613371388,18759.514960038512,10654.745613381881,17637.392419894786,5262.374789982305,4749.314149475638,19860.254413398787,18933.27404286539,11591.419104562172,3973.6226328184725,25963.004154487982],[8617.964541599686,10255.494256671025,15207.76798026766,23389.846271731418,9320.792846152292,8318.652835242863,9585.076161274801,0.0,22692.79363141633,18322.176030286286,16322.306170861382,9637.889826079292,16991.671073557194,8640.07608603528,14289.471766095756,14331.228457752553,19218.44233027076,12473.380819777221,5504.194643878309,6726.044232057835,23604.88548029968],[16670.21448020196,12597.250990694249,33479.30067145277,4035.0748873883754,28014.334373928366,30082.460411902874,16666.721892170597,22692.79363141633,0.0,5308.555458470602,34999.12013726162,28023.44988146723,6051.720128941966,31204.144117697702,17988.74910524595,15319.834841071928,14269.651700791988,23267.50567855138,20119.260379844403,20261.80433276219,20427.199945867746],[13766.337733048736,8069.903627487704,30579.74548554236,5093.659452118571,22875.968079936552,26168.08719440297,11442.901759944047,18322.176030286286,5308.555458470602,0.0,32045.795332446476,24857.16353147551,1544.6947276971246,26953.348160513615,12761.52355474733,10088.30485835934,15045.089229277957,21300.520604398636,16685.188337562722,15158.101342629248,21697.70080798004],[18395.045244438672,24605.307047736467,1548.2358477674147,36999.841623757624,22231.231408529424,9097.945312930395,25766.85613371388,16322.306170861382,34999.12013726162,32045.795332446476,0.0,7249.553950783822,30517.97715880976,11406.843128942859,30611.02973164392,30499.39977280254,24793.492471980673,12653.312213305073,15433.976172029556,23008.399580644724,24843.669632226207],[11353.281446640141,17355.794640432046,5880.684522685896,29849.445178063415,17213.433758397554,5434.381489963995,18759.514960038512,9637.889826079292,28023.44988146723,24857.16353147551,7249.553950783822,0.0,23338.359008638094,8406.792027641048,23764.262888088677,23450.196057443118,19178.210850608793,7534.57853457321,8197.568789282745,16346.19231750369,20827.66417136538],[12223.50695563638,6746.197945502718,29048.452431942253,6545.5927366674005,21963.04760688146,24743.11281515714,10654.745613381881,16991.671073557194,6051.720128941966,1544.6947276971246,30517.97715880976,23338.359008638094,0.0,25603.371015409546,12592.851346941321,9947.796905620773,13902.1552363068,19766.27444285859,15177.624479501479,14210.085562315833,20584.231704241054],[15711.580271611347,18883.514798753735,11033.020307660494,32027.035557402567,11071.181161270537,2989.943999435515,17637.392419894786,8640.07608603528,31204.144117697702,26953.348160513615,11406.843128942859,8406.792027641048,25603.371015409546,0.0,21582.36596875988,22234.074782246553,25612.19089939682,15365.660316024416,11894.478696429882,14004.420070838407,28477.875307693917],[16644.170866267068,10086.537375105998,29472.332190129306,16080.75891149306,13076.932506241457,22269.65458702691,5262.374789982305,14289.471766095756,17988.74910524595,12761.52355474733,30611.02973164392,23764.262888088677,12592.851346941321,21582.36596875988,0.0,2673.3287606370486,24171.687505267582,24191.024010314366,16840.887333955034,7693.04930984555,30544.199546238055],[15241.648730898565,8208.250521107431,29271.86360342776,13516.792428978411,14775.048458604086,22571.773342477933,4749.314149475638,14331.228457752553,15319.834841071928,10088.30485835934,30499.39977280254,23450.196057443118,9947.796905620773,22234.074782246553,2673.3287606370486,0.0,21974.679590659205,23056.67323405415,16006.957577873436,8263.18585175234,28459.732279451087],[10605.495887266628,14206.006059086547,23264.43438286288,17941.367578377358,27912.89556144497,