{"problem":"20.20.4","tabu_size":2,"reset_after":150,"iterations":2084,"solution":{"truck_routes":[[[0,8,5,7,15,6,19,16,12,0]],[[0,2,14,11,17,0]]],"drone_routes":[[[0,3,0],[0,4,10,0],[0,20,18,0]],[[0,9,0],[0,13,1,0]]],"truck_working_time":[4370.352230891433,4371.301453971331],"drone_working_time":[1861.5898650931003,1336.3284937958879],"working_time":4371.301453971331,"energy_violation":0.0,"capacity_violation":0.0,"waiting_time_violation":0.0,"fixed_time_violation":0.0,"feasible":true},"config":{"customers_count":20,"trucks_count":2,"drones_count":2,"x":[0.0,7330.313837273827,13683.500844764347,-5548.078105313434,-1448.553971149708,-12908.080846314335,-5058.799703948322,-10362.750958845763,-13270.139510806424,-4552.7158229640845,1789.0540446639395,1548.2737041997625,6781.394870635732,-1941.9225856715375,13624.822779224518,-10200.326678688172,8491.463903447313,-13138.608119915796,-1822.8887199021735,5468.952231301427,-6077.847282441094],"y":[0.0,-5016.805877964633,1853.1453247973152,9373.949733699366,-2572.5016792690417,8457.559592919784,14002.882938578294,8099.976014272436,-975.1329711879421,9168.28049399894,4527.02217085821,-13116.036997551479,5767.845260234816,-48.58634489636765,-1371.9222861466656,15240.668074641851,7757.6239777324245,-14732.618550159483,-437.21399047886933,15650.064210414446,-8147.602086073861],"demands":[0.0,0.807981618964544,0.4146968912576215,1.1331286110631045,1.1138539610093625,0.975819952199528,0.1956611589053195,4.9145513372392635,0.41612136070856504,0.3371306140822515,0.8575125507142195,0.13062139588380497,8.826149935846864,0.30884534487509535,0.09143531436221619,0.8301187084952582,0.5591501565900417,13.987903351262998,0.8080455551089881,0.42349636052901474,0.0073951369996519585],"dronable":[true,true,true,true,true,true,true,false,true,true,true,true,false,true,true,true,true,false,true,true,true],"distances":[[0.0,8882.67089169179,13808.415657253541,10892.754668704365,2952.2996963681767,15432.072621743862,14888.659611805044,13152.802700065396,13305.919244748316,10236.434368534241,4867.714464732929,13207.103315422943,8902.54768802155,1942.5302987731284,13693.719966630733,18339.155588885904,11501.551591130552,19740.1386183892,1874.5877836519264,16578.116548581507,10164.824019218026],[8882.67089169179,0.0,9357.308089428107,19311.83124671338,9112.801052011173,24313.5999846105,22698.86995018523,22024.86115934002,20993.184561466693,18504.676957087377,11035.860361326279,9951.358340898147,10798.611586894018,10519.390363122555,7273.652398774708,26789.710857723316,12827.093498306584,22657.753241897168,10234.92935533112,20750.52255433887,13768.82963468377],[13808.415657253541,9357.308089428107,0.0,20649.845710562473,15765.958085585196,27399.461758550853,22335.84459880574,24844.41827585405,27101.621474313943,19648.684457134194,12191.287137473195,19270.188300917427,7934.982196742239,15740.725546299656,3225.6013719205002,27379.97411517464,7862.576916187666,31535.901646044575,15674.624816060867,16057.20335734851,22147.81769341288],[10892.754668704365,19311.83124671338,20649.845710562473,0.0,12630.273135962094,7416.832965468401,4654.719751958553,4980.36983810757,12912.542165770534,1016.3886605441138,8793.532565792937,23582.996251032655,12846.006902465913,10089.030864472663,21978.942053593615,7487.442879943607,14132.27684292803,25273.361080927258,10494.568575211259,12679.296919101027,17529.558852236783],[2952.2996963681767,9112.801052011173,15765.958085585196,12630.273135962094,0.0,15905.439568614887,16963.998628883484,13905.563205227967,11929.018042612623,12144.20795451012,7802.906161334152,10961.163858076825,11717.228554982483,2571.684507259146,15121.113634184234,19846.97816308722,14335.810107445908,16867.892823787966,2167.8514750836707,19491.377572270412,7246.523380761454],[15432.072621743862,24313.5999846105,27399.461758550853,7416.832965468401,15905.439568614887,0.0,9610.505993953075,2570.3249311631816,9439.638525150578,8385.538078898426,15213.641852950179,25969.333005269178,19872.343022397166,13878.441760979167,28295.117755772437,7303.594547009487,21410.988425629934,23191.323919337283,14212.616985601091,19734.423412110773,17955.040654996566],[14888.659611805044,22698.86995018523,22335.84459880574,4654.719751958553,16963.998628883484,9610.505993953075,0.0,7935.755104043104,17081.190298597547,4861.018585823833,11691.237669793549,27912.17006115566,14422.414954775997,14393.009136204608,24196.32998601134,5288.422418362342,14920.2179380174,29849.829980219147,14798.22689436936,10655.832532113227,22173.913610244163],[13152.802700065396,22024.86115934002,24844.41827585405,4980.36983810757,13905.563205227967,2570.3249311631816,7935.755104043104,0.0,9529.454931424756,5907.434531298959,12666.189798455254,24330.87989863006,17302.03947736959,11717.910181074045,25789.931199071496,7142.539096694362,18857.32279488359,23000.712109028056,12075.299592033327,17539.85911204647,16803.100715133467],[13305.919244748316,20993.184561466693,27101.621474313943,12912.542165770534,11929.018042612623,9439.638525150578,17081.190298597547,9529.454931424756,0.0,13374.689247944765,16032.87315948907,19156.902692973108,21154.947092337483,11366.045370031074,26897.889105702176,16503.816358108586,23448.420567027046,13758.114331637149,11459.882525561294,25050.96286864628,10157.429827579253],[10236.434368534241,18504.676957087377,19648.684457134194,1016.3886605441138,12144.20795451012,8385.538078898426,4861.018585823833,5907.434531298959,13374.689247944765,0.0,7858.710064385748,23104.39090897622,11833.217017945637,9579.502891790393,21012.348376148864,8292.731715619337,13120.2353843903,25396.269837397536,9985.864023906244,11935.130947596474,17382.917347084036],[4867.714464732929,11035.860361326279,12191.287137473195,8793.532565792937,7802.906161334152,15213.641852950179,11691.237669793549,12666.189798455254,16032.87315948907,7858.710064385748,0.0,17644.702094179975,5144.230638472076,5903.9291921190315,13224.332393161869,16078.78909250156,7440.368670280761,24367.372825204366,6139.19955694781,11715.959835956815,14917.581457623008],[13207.103315422943,9951.358340898147,19270.188300917427,23582.996251032655,10961.163858076825,25969.333005269178,27912.17006115566,24330.87989863006,19156.902692973108,23104.39090897622,17644.702094179975,0.0,19595.575170648506,13525.521679455025,16845.393076925106,30694.174260079864,21998.127480629286,14775.582344928693,13119.347885255218,29032.05640012114,9101.816674294956],[8902.54768802155,10798.611586894018,7934.982196742239,12846.006902465913,11717.228554982483,19872.343022397166,14422.414954775997,17302.03947736959,21154.947092337483,11833.217017945637,5144.230638472076,19595.575170648506,0.0,10484.614635773889,9889.832463515959,19445.134066185357,2623.6530718804197,28584.533153173383,10608.320150300298,9968.989771327495,18947.289610901003],[1942.5302987731284,10519.390363122555,15740.725546299656,10089.030864472663,2571.684507259146,13878.441760979167,14393.009136204608,11717.910181074045,11366.045370031074,9579.502891790393,5903.9291921190315,13525.521679455025,10484.614635773889,0.0,15622.892794515285,17377.069340625963,13030.444091911988,18465.821637770656,406.44865372024236,17359.973928857286,9093.950135842464],[13693.719966630733,7273.652398774708,3225.6013719205002,21978.942053593615,15121.113634184234,28295.117755772437,24196.32998601134,25789.931199071496,26897.889105702176,21012.348376148864,13224.332393161869,16845.393076925106,9889.832463515959,15622.892794515285,0.0,29045.066796054038,10473.776221202612,29913.03124312654,15475.96427232375,18875.016521412323,20835.187647583018],[18339.155588885904,26789.710857723316,27379.97411517464,7487.442879943607,19846.97816308722,7303.594547009487,5288.422418362342,7142.539096694362,16503.816358108586,8292.731715619337,16078.78909250156,30694.174260079864,19445.134066185357,17377.069340625963,29045.066796054038,0.0,20134.02553198689,30116.962146278256,17775.75463380226,15674.626207824875,23748.810864611867],[11501.551591130552,12827.093498306584,7862.576916187666,14132.27684292803,