{"problem":"20.20.2","tabu_size":2,"reset_after":150,"iterations":1711,"solution":{"truck_routes":[[[0,6,10,15,20,12,0]],[[0,9,14,7,11,3,18,16,0]]],"drone_routes":[[[0,4,19,1,0],[0,13,0],[0,17,0],[0,8,0]],[[0,2,5,0]]],"truck_working_time":[4041.311867006855,3934.2703822566227],"drone_working_time":[2420.850226006479,579.4409531168649],"working_time":4041.311867006855,"energy_violation":0.0,"capacity_violation":0.0,"waiting_time_violation":0.0,"fixed_time_violation":0.0,"feasible":true},"config":{"customers_count":20,"trucks_count":2,"drones_count":2,"x":[0.0,7347.61394078747,6561.729414951251,13504.113796425474,2261.544729764735,8579.43625798208,-12312.133486939158,3795.4370173646867,-2293.2335423613117,2724.0636002337883,-11536.737729407005,9184.293096772202,-1228.3884637885503,-10891.752711532425,3014.0608853746166,-12330.273786197286,14919.43989563316,-534.1212065189644,11848.871040455997,2259.4498794092287,-2441.020403813816],"y":[0.0,-5572.555234377915,649.5935939171679,10178.691452982193,663.1422272767717,2354.8433958423766,-15221.753184386454,13932.412505169026,7679.674497334095,5726.300914977294,-7769.559562178548,12489.867338315853,12072.639214698826,1100.4661578332027,12344.268627223017,-745.6293376314837,-8425.489960883357,8977.306829156636,2153.038117226437,-213.29980989258706,10738.416161575407],"demands":[0.0,0.02136211113060561,0.7207091776739812,21.56050314638616,0.16551310818539725,0.7709070509111855,0.4906109242151798,0.2902184909000264,0.672287554926766,3.565163968181646,0.6880126577281829,29.63074051137088,0.5644996337874905,0.21637633840162612,0.2375597086820914,0.912946799922843,17.32522665490949,0.12569159590288864,0.871301048683455,0.3476123198479221,0.8104427269227839],"dronable":[true,true,true,false,true,true,true,true,true,false,true,false,true,true,true,true,false,true,true,true,true],"distances":[[0.0,9221.7570160489,6593.805028380404,16910.554370623737,2356.7651937187647,8896.74175885307,19577.803784045536,14440.133668597822,8014.756419556036,6341.217916693012,13909.075211075797,15503.161800618178,12134.97242791481,10947.205254936534,12706.908788599518,12352.79785116395,17134.13458218292,8993.182049090057,12042.89492055738,2269.495663459746,11012.36406367948],[9221.7570160489,0.0,6271.582777050997,16911.660553551315,8046.864162678536,8022.532970549717,21900.061415449334,19825.784408594387,16388.030176180662,12208.249998892392,19011.721805768975,18155.5638721739,19618.886420717725,19421.732939639198,18433.454895154915,20261.255612831563,8091.463702209603,16547.514465930148,8941.25875431808,7389.927754746763,19022.753486599024],[6593.805028380404,6271.582777050997,0.0,11789.843379272468,4300.206029038442,2641.7830704619564,24660.136848698225,13567.81676829604,11306.299415987753,6364.011009509375,19960.878057871396,12127.238869895451,13826.49296890287,17459.304808851277,12220.940067375159,18943.453538912217,12337.279522062843,10940.836520604895,5496.74558287116,4387.960144336097,13521.606602063403],[16910.554370623737,16911.660553551315,11789.843379272468,0.0,14728.91836780488,9244.730784552861,36216.86363521642,10409.074240195656,15993.78844073194,11663.329873382128,30808.829248155555,4899.222882264156,14853.74232209926,26030.22238060184,10711.252707981426,28049.177644013154,18657.93970531363,14089.548147909461,8194.567715683173,15311.301349471016,15954.955230681484],[2356.7651937187647,8046.864162678536,4300.206029038442,14728.91836780488,0.0,6540.4591739454145,21557.411695366143,13357.632996070575,8365.26928466665,5084.2403171346305,16171.056189778374,13703.863389752063,11931.31406013009,13160.565557736178,11705.34042802579,14659.665921325291,15582.860619339943,8771.606526426569,9702.402565888608,876.4445406958661,11118.689836788602],[8896.74175885307,8022.532970549717,2641.7830704619564,9244.730784552861,6540.4591739454145,0.0,27301.91263906286,12527.040960077622,12106.559166283074,6756.634869847391,22520.301755245022,10153.056786502366,13806.845452526764,19511.55201776063,11435.122189612572,21138.327873856775,12506.447673402803,11265.609241596621,3275.657058870406,6821.846330027455,13846.832033099203],[19577.803784045536,21900.061415449334,24660.136848698225,36216.86363521642,21557.411695366143,27301.91263906286,0.0,33307.945067283465,24997.07474806879,25785.81380127799,7492.424731932585,35071.787349137885,29459.009830159943,16383.904473680093,31540.098168142587,14476.135212723219,28066.8449009425,26913.12094159258,29759.662507283447,20918.525629135467,27773.535352397364],[14440.133668597822,19825.784408594387,13567.81676829604,10409.074240195656,13357.632996070575,12527.040960077622,33307.945067283465,0.0,8727.464796806553,8275.75425140294,26571.623474629432,5578.593586467721,5357.012148299732,19503.137931972025,1769.9575239821866,21805.58325886097,24972.369585548677,6580.1327246833525,14269.248772644009,14228.859173821715,7006.783413882708],[8014.756419556036,16388.030176180662,11306.299415987753,15993.78844073194,8365.26928466665,12106.559166283074,24997.07474806879,8727.464796806553,0.0,5384.137718274153,18003.366426353066,12444.7407734935,4520.180754059734,10826.842304068217,7065.820018884647,13104.500050283055,23572.28137260522,2185.9382147498877,15183.63697238813,9111.858743055931,3062.3098349095403],[6341.217916693012,12208.249998892392,6364.011009509375,11663.329873382128,5084.2403171346305,6756.634869847391,25785.81380127799,8275.75425140294,5384.137718274153,0.0,19634.375584223242,9353.09552559246,7476.488957586096,14380.1530254779,6624.318460469419,16386.547999475944,18681.552076326036,4602.695698064726,9799.505999943305,5957.744764628077,7197.179448509652],[13909.075211075797,19011.721805768975,19960.878057871396,30808.829248155555,16171.056189778374,22520.301755245022,7492.424731932585,26571.623474629432,18003.366426353066,19634.375584223242,0.0,28979.397799746377,22360.118892418493,8893.44488637292,24825.22557320871,7068.613391092488,26464.307646632682,20037.841806915254,25403.63442982965,15729.966750812644,20622.2510667037],[15503.161800618178,18155.5638721739,12127.238869895451,4899.222882264156,13703.863389752063,10153.056786502366,35071.787349137885,5578.593586467721,12444.7407734935,9353.09552559246,28979.397799746377,0.0,10421.037212714427,23081.72598717707,6171.949815677396,25259.749809148554,21687.41754468823,10333.714622579782,10674.73718477107,14468.030590940156,11756.508631877621],[12134.97242791481,19618.886420717725,13826.49296890287,14853.74232209926,11931.31406013009,13806.845452526764,29459.009830159943,5357.012148299732,4520.180754059734,7476.488957586096,22360.118892418493,10421.037212714427,0.0,14620.847792600209,4251.136203177125,16957.590229498255,26094.55231315911,3172.237317967074,16413.811320784996,12771.42568487398,1802.9496325342577],[10947.205254936534,19421.732939639198,17459.304808851277,26030.22238060184,13160.565557736178,19511.55201776063,16383.904473680093,19503.137931972025,10826.842304068217,14380.1530254779,8893.44488637292,23081.72598717707,14620.847792600209,0.0,17882.80586939816,2340.387032229916,27512.93339104198,13012.499735064835,22764.970379053888,13216.66034238396,12818.149508074612],[12706.908788599518,18433.454895154915,12220.940067375159,10711.252707981426,11705.34042802579,11435.122189612572,31540.098168142587,1769.9575239821866,7065.820018884647,6624.318460469419,24825.22557320871,6171.949815677396,4251.136203177125,17882.80586939816,0.0,20169.135708887123,23939.944051440954,4891.423914043098,13487.588731282334,12580.221095957182,5686.534446662593],[12352.79785116395,20261.255612831563,18943.453538912217,28049.177644013154,14659.665921325291,21138.327873856775,14476.135212723219,21805.58325886097,13104.500050283055,16386.547999475944,7068.613391092488,25259.749809148554,16957.590229498255,2340.387032229916,20169.135708887123,0.0,28311.254916275117,15286.749274665557,24352.275408308906,14599.43188500366,15155.218028416382],[17134.13458218292,8091.463702209603,12337.279522062843,18657.93970531363,15582.860619339943,12506.447673402803,28066.8449009425,