{"problem":"12.20.3","tabu_size":3,"reset_after":180,"iterations":1203,"solution":{"truck_routes":[[[0,8,9,11,3,0],[0,5,4,7,0]]],"drone_routes":[[[0,6,0],[0,12,0],[0,10,1,0],[0,2,0]]],"truck_working_time":[5974.02974337627],"drone_working_time":[1974.001321740289],"working_time":5974.02974337627,"energy_violation":0.0,"capacity_violation":0.0,"waiting_time_violation":0.0,"fixed_time_violation":0.0,"feasible":true},"config":{"customers_count":12,"trucks_count":1,"drones_count":1,"x":[0.0,7125.5969049371215,-9331.533718562221,-11055.879558039942,13657.745933747774,1046.3024842815423,-5059.1454620969425,15219.488444939716,1677.0759137769717,-4829.804225276809,3908.060621405814,-8344.285590688998,-5725.503937412546],"y":[0.0,-3804.904201166085,-5362.691007655381,-148.82559914161124,7419.246945404355,206.03746939325416,408.4773800749573,-7272.5246995671205,-12194.423506991889,-14475.234615538126,-5532.961134494167,-10344.638465188473,899.1869829624402],"demands":[0.0,0.2884857978157526,0.19549151044617494,0.5911804965928685,0.24010082926080412,20.906311923341345,0.2963588544001479,1.0635076691190388,6.891990495995238,11.443832729103995,0.2173081031275546,0.14543339487875998,0.48982084007372295],"dronable":[true,true,true,true,true,false,true,true,false,false,true,true,true],"distances":[[0.0,8077.835553643117,10762.712315408768,11056.881199544712,15542.819860877746,1066.3959524527947,5075.608985795595,16867.793099023576,12309.205835001998,15259.73217423474,6773.964624679242,13290.547279718656,5795.682234875862],[8077.835553643117,0.0,16530.694120132765,18545.430626382615,12986.552271317067,7283.232368779909,12892.654144905004,8805.422884919077,10003.52013912786,16024.592579413478,3652.2213104717125,16795.397842043156,13685.001524619427],[10762.712315408768,16530.694120132765,0.0,5491.608240963716,26303.705380953143,11777.530348258379,7180.507361845708,24625.193481544964,12956.15895934138,10163.858491551346,13240.689189124836,5078.82460177644,7225.9647627097],[11056.881199544712,18545.430626382615,5491.608240963716,0.0,25846.450568460074,12107.383614261944,6022.574734122356,27223.92426828672,17527.823139365573,15620.819740152207,15903.094703769993,10550.22946874715,5432.424378601812],[15542.819860877746,12986.552271317067,26303.705380953143,25846.450568460074,0.0,14528.554533190872,19986.81849174588,14774.545466417976,22983.309655979243,28655.851648570842,16211.602568367049,28277.995262800763,20450.46594778893],[1066.3959524527947,7283.232368779909,11777.530348258379,12107.383614261944,14528.554533190872,0.0,6108.803200576531,16025.232990206516,12416.493367541747,15813.550521432626,6412.937284179438,14124.44360215088,6807.188734055968],[5075.608985795595,12892.654144905004,7180.507361845708,6022.574734122356,19986.81849174588,6108.803200576531,0.0,21684.574842110298,14290.199060685296,14885.478835807162,10756.926910898586,11243.738081534151,827.5442779639814],[16867.793099023576,8805.422884919077,24625.193481544964,27223.92426828672,14774.545466417976,16025.232990206516,21684.574842110298,0.0,14409.095219156652,21303.829860136066,11444.408276706412,23763.192752470997,22482.650593717466],[12309.205835001998,10003.52013912786,12956.15895934138,17527.823139365573,22983.309655979243,12416.493367541747,14290.199060685296,14409.095219156652,0.0,6895.040859696226,7025.124461949178,10190.652143217925,15041.303936689765],[15259.73217423474,16024.592579413478,10163.858491551346,15620.819740152207,28655.851648570842,15813.550521432626,14885.478835807162,21303.829860136066,6895.040859696226,0.0,12502.581217039702,5423.412562687159,15400.490818891478],[6773.964624679242,3652.2213104717125,13240.689189124836,15903.094703769993,16211.602568367049,6412.937284179438,10756.926910898586,11444.408276706412,7025.124461949178,12502.581217039702,0.0,13163.290866487436,11583.526903055983],[13290.547279718656,16795.397842043156,5078.82460177644,10550.22946874715,28277.995262800763,14124.44360215088,11243.738081534151,23763.192752470997,10190.652143217925,5423.412562687159,13163.290866487436,0.0,11544.766262511486],[5795.682234875862,13685.001524619427,7225.9647627097,5432.424378601812,20450.46594778893,6807.188734055968,827.5442779639814,22482.650593717466,15041.303936689765,15400.490818891478,11583.526903055983,11544.766262511486,0.0]],"truck":{"V_max (m/s)":15.6464,"M_t (kg)":400.0},"drone":{"config":"Endurance","_data":{"speed_type":"high","range_type":"high","capacity [kg]":2.27,"FixedTime (s)":700.0,"V_max (m/s)":31.2928}},"problem":"problems/data/12.20.3.txt","config":"endurance","tabu_size_factor":0.5,"speed_type":"high","range_type":"high","waiting_time_limit":3600.0,"strategy":"random","fix_iteration":null,"reset_after_factor":30.0,"max_elite_size":10,"penalty_exponent":0.4,"verbose":false,"outputs":"outputs/","disable_logging":true,"extra":"https://github.com/Serious-senpai/min-timespan-delivery-v2/actions/runs/14262331507"},"last_improved":124,"elapsed":0.033128}