{"problem":"20.5.1","tabu_size":2,"reset_after":150,"iterations":2306,"solution":{"truck_routes":[[[0,17,6,13,20,0]],[[0,9,1,10,18,11,0]]],"drone_routes":[[[0,7,5,3,16,0],[0,15,19,0]],[[0,4,2,8,14,0],[0,12,0]]],"truck_working_time":[624.9425617414187,626.0038177239053],"drone_working_time":[614.3789524247005,591.7928264839707],"working_time":626.0038177239053,"energy_violation":0.0,"capacity_violation":0.0,"waiting_time_violation":0.0,"fixed_time_violation":0.0,"feasible":true},"config":{"customers_count":20,"trucks_count":2,"drones_count":2,"x":[0.0,1863.5743582085586,-3974.4991601148595,-779.7594353967238,-3102.6950469349686,-2279.8189728578513,-3531.323513403139,-1364.0340425240329,-3767.32875058802,1170.4507242499915,2053.1027896523733,1998.2193980899224,755.6537766573787,-1768.3098417447966,-2193.575931753971,3021.57986262844,1569.6062752106109,-3500.595690632894,2581.6475905081415,2322.462151364755,-1709.0630435596731],"y":[0.0,-3591.035733064954,989.1559268795764,3785.3161672821398,1130.719692917838,3250.4063520840723,-1921.0023589689933,1745.8429962032387,-2171.7695619320625,-3874.8090163235147,-3465.1033956429746,-1658.6139010221177,-2014.2332895122456,-1976.7777186755657,-3931.588658305353,649.2673484480302,1108.1098280309739,-95.25493964589963,-2174.018950935073,2312.9881501066566,-1727.3685472445684],"demands":[0.0,0.08445513207330274,0.33982495235700844,0.678744781404468,0.36530445662928046,0.26326423567235774,7.17319825555564,0.4340834288223997,0.5510090831227353,0.287016336153985,11.581227818163965,0.18553691175503684,1.1011026902876433,0.024144027613250112,0.949663456757036,1.045726615387791,0.7918140537414555,4.88936088963037,29.2303347918839,1.013640589201822,18.41705728901073],"dronable":[true,true,true,true,true,true,false,true,true,true,false,true,true,true,true,true,true,false,false,true,false],"distances":[[0.0,4045.793744708422,4095.7383975828725,3864.7953714754117,3302.3088253867168,3970.22870911376,4020.011917827897,2215.526266275432,4348.488121766193,4047.7277342824495,4027.675831962502,2596.8983105941325,2151.3131744950297,2652.2763516390373,4502.128912690705,3090.548973241233,1921.3462077822837,3501.8914450343163,3375.09446987804,3277.7651879070927,2429.95855620446],[4045.793744708422,0.0,7420.32735444836,7835.6736087058825,6852.649568397802,7998.314703759403,5647.47151526369,6236.9648515439685,5807.01182065072,748.9643838282786,227.55214772468318,1937.106972709676,1927.1206399752189,3974.4699997472862,4071.418029413441,4395.582665740147,4708.331576916504,6402.718459258166,1588.5734883167645,5921.8304619237915,4029.515279040016],[4095.7383975828725,7420.32735444836,0.0,4245.5711039505895,883.2229116210198,2825.808631625461,2943.709547922729,2717.922635219796,3167.7072977790444,7080.159905068143,7494.825640207836,6533.303302087726,5603.096785742123,3696.4893748428626,5233.107567969741,7004.330513205174,5545.381421381631,1183.4405037117742,7279.336200735769,6434.613703519848,3537.1889992914016],[3864.7953714754117,7835.6736087058825,4245.5711039505895,0.0,3527.451246588667,1592.5787661284835,6335.075058624972,2121.5154093440847,6664.265960950246,7904.482114300647,7784.195027397331,6111.754329804743,5999.355601525413,5846.277264762774,7845.348760415143,4927.979571063709,3561.8749311428855,4739.3862517980415,6841.983063777603,3433.879520823175,5590.464914291216],[3302.3088253867168,6852.649568397802,883.2229116210198,3527.451246588667,0.0,2273.8066246574003,3081.676466509622,1844.2664575662561,3368.7049794291315,6581.420244965011,6906.79673894544,5813.751807030086,4977.708800865347,3381.8817304704967,5143.293050998703,6143.170152934344,4672.35602784222,1288.9292928415487,6575.18431103102,5552.484969014047,3179.760769206778],[3970.22870911376,7998.314703759403,2825.808631625461,1592.5787661284835,2273.8066246574003,0.0,5320.68902227531,1761.3554242360944,5622.51518285007,7916.631545611574,7992.013649378465,6511.535314248725,6077.049067509407,5252.151454481805,7182.512804819595,5905.14637660508,4405.395457553945,3561.4246129381804,7284.109212165884,4696.780219658385,5010.389733265795],[4020.011917827897,5647.47151526369,2943.709547922729,6335.075058624972,3081.676466509622,5320.68902227531,0.0,4259.448146101982,344.35833380450237,5091.565715590984,5793.967996607845,5535.764853469383,4287.990938878554,1763.8957160797875,2414.9587696868193,7038.950846857198,5932.5378506840425,1826.0059797977488,6118.205056474034,7224.505674437856,1832.5193786143323],[2215.526266275432,6236.9648515439685,2717.922635219796,2121.5154093440847,1844.2664575662561,1761.3554242360944,4259.448146101982,0.0,4596.032376895074,6165.658284314062,6231.435342560466,4784.879827538585,4316.393184730279,3744.5085002814944,5737.71469642778,4520.629101830461,3002.1574088687053,2820.3789258816996,5561.809169134663,3729.8669967108276,3490.307069169524],[4348.488121766193,5807.01182065072,3167.7072977790444,6664.265960950246,3368.7049794291315,5622.51518285007,344.35833380450237,4596.032376895074,0.0,5223.218311093791,5962.393455655751,5788.33950170924,4525.725203643621,2008.5065140171482,2360.860264130052,7351.7024836653645,6264.222560086809,2093.575769309836,6348.976739565966,7562.975933136211,2105.6946555909226],[4047.7277342824495,748.9643838282786,7080.159905068143,7904.482114300647,6581.420244965011,7916.631545611574,5091.565715590984,6165.658284314062,5223.218311093791,0.0,973.1050118955903,2365.7391585879645,1906.2524866689173,3498.40484665471,3364.5057987836476,4888.14341455304,4998.880410980617,6008.635754355612,2210.014353315571,6294.121392306018,3592.08854390359],[4027.675831962502,227.55214772468318,7494.825640207836,7784.195027397331,6906.79673894544,7992.013649378465,5793.967996607845,6231.435342560466,5962.393455655751,973.1050118955903,0.0,1807.3230150819516,1946.3807454312423,4101.013023647003,4272.2229182390065,4226.818479744814,4598.7006935289455,6496.110022644995,1395.0837429625415,5784.366549312505,4144.105954235041],[2596.8983105941325,1937.106972709676,6533.303302087726,6111.754329804743,5813.751807030086,6511.535314248725,5535.764853469383,4784.879827538585,5788.33950170924,2365.7391585879645,1807.3230150819516,0.0,1292.452890064522,3779.9432177472886,4768.392007222965,2524.595512559662,2799.7266655889466,5716.73496167883,778.4798142432253,3984.8157066019417,3707.9199429788882],[2151.3131744950297,1927.1206399752189,5603.096785742123,5999.355601525413,4977.708800865347,6077.049067509407,4287.990938878554,4316.393184730279,4525.725203643621,1906.2524866689173,1946.3807454312423,1292.452890064522,0.0,2524.2415230727233,3517.6991746333065,3496.9496243867925,3226.6926121914003,4668.847548920878,1832.9715943837168,4602.14448605763,2481.3545462543552],[2652.2763516390373,3974.4699997472862,3696.4893748428626,5846.277264762774,3381.8817304704967,5252.151454481805,1763.8957160797875,3744.5085002814944,2008.5065140171482,3498.40484665471,4101.013023647003,3779.9432177472886,2524.2415230727233,0.0,2000.534192911479,5462.522867194691,4545.130930969509,2557.5265844689616,4354.42691592313,5927.605478486096,256.34960091462074],[4502.128912690705,4071.418029413441,5233.107567969741,7845.348760415143,5143.293050998703,7182.512804819595,2414.9587696868193,5737.71469642778,2360.860264130052,3364.5057987836476,4272.2229182390065,4768.392007222965,3517.6991746333065,2000.534192911479,0.0,6941.332128222147,6289.682118835219,4052.870223807245,5088.399646630661,7706.447916150201,2256.8427142428864],[3090.548973241233,4395.582665740147,7004.330513205174,4927.979571063709,6143.170152934344,5905.14637660508,7038.950846857198,4520.629101830461,7351.7024836653645,4888.14341455304,4226.818479744814,2524.595512559662,3496.9496243867925,5462.522867194691,6941.332128222147,0.0,1522.7487381800138,6564.532533625559,2857.3564587459623,1804.6419257221628,5294.089202739456],[1921.3462077822837,4708.331576916504,5545.381421381631,3561.8749311428855,4672.35602784222,4405.395457553945,5932.5378506840425,3002.1574088687053,6264.222560086809,4998.880410980617,4598.7006935289455,