{"requests": [[3741.5652295348036, -2280.729502951324, 8.61135424671696, 0, 575.618751235705, 642.5153422011115, 1002.5153422011115], [-3154.874671614199, 6339.8186647555785, 0.849845412819989, 1, 1056.2773285926276, 1102.5728922090902, 1462.5728922090902], [3588.374300718864, -7852.149566033366, 0.4675876101445416, 1, 1088.8840015305282, 999.056977134125, 1359.056977134125], [2250.8254902254316, 4957.809228020406, 8.907773747656394, 0, 0.0, 167.99200471633714, 527.9920047163371], [2617.692734720963, 1415.2156334599583, 18.890490727742428, 0, 347.99200471633714, 395.61875123570496, 755.618751235705], [-7742.625339172207, -6738.001567012059, 0.34409413368567243, 1, 0.0, 147.9975528188313, 507.9975528188313], [-7022.978104872689, 2987.5833879007673, 1.055279904011458, 1, 1282.5728922090902, 1266.1429399902481, 1626.1429399902481], [1612.7638194477609, -7860.132660285409, 0.977952728887991, 1, 1179.056977134125, 1125.32414468351, 1485.32414468351], [3040.417394687861, 5475.465971248728, 1.0137674480640777, 1, 655.9951056376626, 676.1362171151451, 1036.136217115145], [3730.312114498494, -6448.424902149916, 0.8722367448494691, 1, 822.5153422011115, 908.8840015305282, 1268.8840015305282]], "truck_vel": 15.6464, "drone_vel": 31.2928, "truck_cap": 400.0, "drone_cap": 2.27, "drone_lim": 700.0, "truck_num": 1, "drone_num": 1, "close": 2892.2858799804962}