{"requests": [[7471.59705672718, -14919.892768293794, 0.43181562423936426, 1, 3226.5191195637767, 3732.299846087003, 4092.299846087003], [9167.031929727462, 2753.0719766381553, 18.05491521314463, 0, 2402.6320572590353, 2557.3998122047333, 2917.3998122047333], [15933.153680531323, 15946.005908790692, 0.3252544583713697, 1, 0.0, 1260.712991873616, 1620.712991873616], [-8700.681486825431, 7758.5226782171685, 0.5509436038053155, 1, 4978.753523389216, 5543.810968709519, 5903.810968709519], [12368.241212865008, 6898.9087316381865, 0.05835133438401521, 1, 1957.759733242889, 2222.6320572590353, 2582.6320572590353], [10808.17216339661, -4721.846038461418, 0.5254542788806863, 1, 2737.3998122047333, 3046.5191195637767, 3406.5191195637767], [8702.05180611432, 12815.80895533024, 0.5800053206948821, 1, 1747.8221666927616, 1777.759733242889, 2137.759733242889], [-4092.409513527656, -32.27077920620713, 0.8071752773409363, 1, 0.0, 0.0, 310.78205681484707], [11958.581840577144, 13245.584835304991, 0.042679003300040645, 1, 1440.712991873616, 1567.8221666927616, 1927.8221666927616], [-5113.380615461454, 6029.805164012035, 0.22925002373777892, 1, 130.78205681484707, 147.231413387788, 507.231413387788]], "truck_vel": 15.6464, "drone_vel": 31.2928, "truck_cap": 400.0, "drone_cap": 2.27, "drone_lim": 700.0, "truck_num": 1, "drone_num": 1, "close": 11447.621937419039}