{"requests": [[7465.830835176659, -4005.7096494893653, 1.0720154714490897, 1, 0.0, 90.75122546239862, 450.7512254623986], [812.0220865846995, 13883.189060391305, 0.5438331264036294, 1, 1167.5440951748033, 2004.5304890141338, 2364.5304890141338], [-11875.443300301182, 15677.759148650446, 22.646221406536558, 0, 2774.8930226197917, 2827.803830114219, 3187.803830114219], [791.5522795364202, 6679.974549494998, 0.1110705547466371, 1, 541.5024509247972, 576.4627317561692, 936.4627317561692], [15934.66836514551, 8933.147463997324, 0.8826423014801295, 1, 0.0, 987.5440951748033, 1347.5440951748033], [-8231.91689535358, 15748.632988940628, 2.4215624514462757, 0, 2316.934958160975, 2594.8930226197917, 2954.8930226197917], [3982.655814044169, 142.73028490494244, 0.9093580121389755, 1, 756.4627317561692, 808.9291245976941, 1168.9291245976942], [-7751.378329549595, 7811.726731286444, 20.044787208348502, 0, 3007.803830114219, 3395.447197983801, 3755.447197983801], [-1195.9446338221508, 14392.9115215191, 0.12412478091802213, 1, 2184.5304890141338, 2136.934958160975, 2496.934958160975], [-11400.383517311371, -600.2675916423768, 1.0417366547331244, 1, 4278.7949239604695, 4828.430853533226, 5188.430853533226]], "truck_vel": 15.6464, "drone_vel": 31.2928, "truck_cap": 400.0, "drone_cap": 2.27, "drone_lim": 700.0, "truck_num": 1, "drone_num": 1, "close": 10016.861707066451}