{"requests": [[1850.5992805733267, -3174.2237157549935, 5.7544457760680965, 0, 161.07252030073826, 102.74633477957576, 462.74633477957576], [1366.829652055312, 1891.8197250396884, 0.5557680762103105, 1, 143.3028457834001, 29.897433082631835, 389.89743308263184], [1024.4968781094415, 3181.7599977251957, 0.6052356660156694, 1, 0.0, 0.0, 286.8179350065158], [2161.430927379198, -1296.0131170863483, 0.9423670488964131, 1, 0.0, 0.0, 341.07252030073823], [-2302.0566811749904, -219.2563802026993, 0.8780029057421477, 1, 627.8945321058395, 521.7925055137756, 881.7925055137756], [1908.6770636503347, 3904.0747332545684, 0.47963520074362614, 1, 106.81793500651581, 0.0, 323.30284578340013], [-3935.9751445870465, -2628.4843719692035, 1.1302977870001898, 1, 412.339027582875, 296.6472306144108, 656.6472306144108], [-3953.308107016683, -616.1752832287666, 0.9164905004681325, 1, 284.48087855124993, 232.33902758287502, 592.339027582875], [3759.5662767567605, -1293.324691772804, 1.0200283685110554, 1, 431.34942600496333, 316.8485890401184, 676.8485890401184], [4000.746860015931, -2289.367095865405, 24.903920292301667, 0, 282.74633477957576, 251.34942600496333, 611.3494260049633]], "truck_vel": 15.6464, "drone_vel": 31.2928, "truck_cap": 400.0, "drone_cap": 2.27, "drone_lim": 700.0, "truck_num": 1, "drone_num": 1, "close": 1403.5850110275512}