{"requests": [[7128.480255522729, -9261.995280947604, 0.5353758826596994, 1, 4712.21390733899, 5279.196674567907, 5639.196674567907], [10939.371203009166, 5165.650450468044, 0.24649356663104433, 1, 5594.020292316781, 6273.9121619650705, 6633.9121619650705], [-13244.981067623687, -14.70221907149137, 0.34326877608735207, 1, 1328.8188919947386, 2112.2643608738504, 2472.2643608738504], [8911.628331135806, -8134.878990234562, 13.186958447942946, 0, 5459.196674567907, 5414.020292316781, 5774.020292316781], [15356.488668330943, 15282.318103213687, 10.108100033023446, 0, 6714.117584682881, 7047.039434511366, 7407.039434511366], [4460.899067278151, -9826.761654005371, 0.5345138349990133, 1, 0.0, 164.86811204474515, 524.8681120447452], [-14607.61307940451, 15157.414875455874, 0.3318413064993734, 1, 2292.2643608738504, 3085.8547250553406, 3445.8547250553406], [-12586.839438401712, 16070.37749795144, 0.8294557727612998, 1, 3265.8547250553406, 3227.5765909217225, 3587.5765909217225], [-14345.940508456466, -15048.897479024488, 0.919772932097314, 1, 0.0, 1148.8188919947386, 1508.8188919947386], [7051.561592710079, -2217.924756666958, 0.945044787629882, 1, 689.7362240894903, 745.9611214286376, 1105.9611214286376], [9021.78446794664, 10016.412097582515, 0.30494027598617485, 1, 7227.039434511366, 7573.525495751864, 7933.525495751864], [14397.398680309843, 7314.45280191334, 0.534971744909956, 1, 6453.9121619650705, 6534.117584682881, 6894.117584682881]], "truck_vel": 15.6464, "drone_vel": 31.2928, "truck_cap": 400.0, "drone_cap": 2.27, "drone_lim": 700.0, "truck_num": 1, "drone_num": 1, "close": 15507.050991503727}