{"requests": [[7125.5969049371215, -3804.904201166085, 0.2884857978157526, 1, 911.2814150866063, 847.9926493153016, 1207.9926493153016], [-9331.533718562221, -5362.691007655381, 0.19549151044617494, 1, 1286.1298423323253, 1450.0655820363072, 1810.0655820363072], [-11055.879558039942, -148.82559914161124, 0.5911804965928685, 1, 1574.0144223198552, 2068.3055991239216, 2428.3055991239216], [13657.745933747774, 7419.246945404355, 0.24010082926080412, 1, 3023.1341316935545, 3771.6898718760167, 4131.689871876017], [1046.3024842815423, 206.03746939325416, 20.906311923341345, 0, 2954.9781371866525, 2843.1341316935545, 3203.1341316935545], [-5059.1454620969425, 408.4773800749573, 0.2963588544001479, 1, 0.0, 0.0, 342.1973420657657], [15219.488444939716, -7272.5246995671205, 1.0635076691190388, 1, 3951.6898718760167, 4715.967499088537, 5075.967499088537], [1677.0759137769717, -12194.423506991889, 6.891990495995238, 0, 0.0, 606.7116931052509, 966.7116931052509], [-4829.804225276809, -14475.234615538126, 11.443832729103995, 0, 786.7116931052509, 1047.390754083893, 1407.390754083893], [3908.060621405814, -5532.961134494167, 0.2173081031275546, 1, 694.811024943211, 731.2814150866063, 1091.2814150866063], [-8344.285590688998, -10344.638465188473, 0.14543339487875998, 1, 1227.390754083893, 1394.0144223198552, 1754.0144223198552], [-5725.503937412546, 899.1869829624402, 0.48982084007372295, 1, 324.3946841315315, 329.6028545373713, 689.6028545373713]], "truck_vel": 15.6464, "drone_vel": 31.2928, "truck_cap": 400.0, "drone_cap": 2.27, "drone_lim": 700.0, "truck_num": 1, "drone_num": 1, "close": 9791.934998177074}