{"requests": [[7119.830203765906, 7109.279397259038, 0.928685628127859, 1, 163.87071449299776, 158.8810453391734, 518.8810453391734], [14500.25691791571, 5767.426076097768, 0.09348741497405509, 1, 2535.0245279654546, 2841.3938429218438, 3201.3938429218438], [-6677.676538872446, -417.0733185232526, 1.0870039376039011, 1, 813.1786237866615, 828.9262705393985, 1188.9262705393985], [-9036.820779511065, 6340.698816682185, 0.9342077802021258, 1, 0.0, 525.5559631260808, 885.5559631260808], [4612.72963656204, 2240.2762017523905, 0.4449801075779361, 1, 0.0, 0.0, 343.87071449299776], [8087.565958773568, -11307.843592522997, 26.129538330056167, 0, 5913.054362007544, 6404.22394564172, 6764.22394564172], [10500.09293249026, 12241.196630007576, 0.2588803774607509, 1, 1166.2592818997884, 2355.0245279654546, 2715.0245279654546], [-1981.8924226242682, -4350.425996499232, 0.13438266720339007, 1, 660.4087659365052, 633.1786237866615, 993.1786237866615], [14202.469779944597, -13327.90840894471, 0.4749516069730957, 1, 6584.22394564172, 6815.815810045096, 7175.815810045096], [-2378.9422804440983, -12163.033890148581, 1.0297947341229001, 1, 5183.94604436144, 5733.054362007544, 6093.054362007544], [-10889.625707960271, 13306.85992964885, 0.9603996664591674, 1, 705.5559631260808, 986.2592818997884, 1346.2592818997884], [-13784.509652478017, -11931.343695697971, 0.3995190641964945, 1, 4018.757346633458, 5003.94604436144, 5363.94604436144]], "truck_vel": 15.6464, "drone_vel": 31.2928, "truck_cap": 400.0, "drone_cap": 2.27, "drone_lim": 700.0, "truck_num": 1, "drone_num": 1, "close": 13991.631620090193}