{"requests": [[7203.4468911278145, 9787.62369497415, 0.15063802101183887, 1, 5629.363800383162, 5736.695891447164, 6096.695891447164], [-9192.70659158325, -10778.674516047096, 0.4385668077686028, 1, 0.0, 725.4068212283006, 1085.4068212283005], [-5788.017439076927, 3472.5114182000493, 0.7014441443296383, 1, 153.86348705667146, 36.673354293021305, 396.6733542930213], [14259.789848052427, 5886.243805429474, 0.5084869324112957, 1, 5916.695891447164, 6252.025160217693, 6612.025160217693], [1179.728494374027, -11162.78637669646, 0.9665411438259461, 1, 1052.1741447291283, 1451.867057603618, 1811.867057603618], [-5512.348924417788, 13738.214826733582, 1.0566428405385664, 1, 4800.633538206346, 4883.239499918123, 5243.239499918123], [14557.735297128145, -13213.359531291077, 16.491794654531667, 0, 1631.867057603618, 2316.8743276028968, 2676.8743276028968], [2792.951812538601, 10658.810820788342, 0.8055292585100122, 1, 5063.239499918123, 5449.363800383162, 5809.363800383162], [-4271.09682088639, 2222.659916778301, 0.994957789268318, 1, 0.0, 0.0, 333.8634870566715], [-7777.803560965178, -12587.378933159582, 0.5885385339975336, 1, 905.4068212283006, 872.1741447291283, 1232.1741447291283], [9924.400237024893, -7771.868953785478, 1.0501789651099207, 1, 2496.8743276028968, 2773.6477958451737, 3133.6477958451737], [-9582.728462701132, 13177.358818809103, 0.574914966494877, 1, 3759.28886762004, 4620.633538206346, 4980.633538206346]], "truck_vel": 15.6464, "drone_vel": 31.2928, "truck_cap": 400.0, "drone_cap": 2.27, "drone_lim": 700.0, "truck_num": 1, "drone_num": 1, "close": 12864.050320435386}