{"requests": [[1785.7241322075167, -1090.1633893948417, 0.6358463068794329, 1, 575.4051530548905, 466.2618405722144, 826.2618405722144], [3933.3737129061706, -1641.5606846338821, 0.5015038137601534, 1, 540.9095605258194, 395.40515305489055, 755.4051530548905], [1999.078085924743, 163.9790300353026, 0.23769019045738884, 1, 426.7311321445205, 310.8286942549119, 670.8286942549119], [-3704.738961239619, 2663.7227129875414, 0.4257399595392202, 1, 285.964012161457, 163.75780400705298, 523.757804007053], [-2413.2452227606836, -1474.1698018262111, 0.5497562560910981, 1, 148.4774852173257, 156.36260613157265, 516.3626061315726], [-3078.1198112719444, 842.6604341827248, 16.62626627911983, 0, 50.438797370909846, 40.63154366561298, 400.631543665613], [-702.2806549021099, -360.0219322624589, 3.1107580552602445, 0, 0.0, 0.0, 230.43879737090984], [3163.495470555522, -884.9040096174613, 0.4759375871951183, 1, 490.8286942549119, 360.9095605258194, 720.9095605258194], [611.7437994802659, 3567.396571265231, 0.14916847960355115, 1, 122.0543715934519, 0.0, 328.4774852173257], [-2354.4330279766305, 3589.3142831172686, 2.3865551057077736, 0, 343.757804007053, 268.38791467247194, 628.3879146724719], [-177.06666943431333, 3815.316467669714, 1.1024746477280125, 1, 0.0, 0.0, 302.0543715934519], [-3433.821817959208, 1800.9952343566129, 0.7607262015006461, 1, 220.63154366561298, 105.96401216145699, 465.964012161457]], "truck_vel": 15.6464, "drone_vel": 31.2928, "truck_cap": 400.0, "drone_cap": 2.27, "drone_lim": 700.0, "truck_num": 1, "drone_num": 1, "close": 1292.5236811444288}