{"requests": [[1787.1659274054944, -3818.7090491907743, 1.1296264596697076, 1, 68.6179825619126, 0.0, 318.0863987447866], [-2024.573946213312, 3622.609924522655, 0.6035078923346545, 1, 374.78987677053465, 384.4441808995098, 744.4441808995098], [904.5274510380428, 231.04083997553775, 0.8758467663439748, 1, 337.2677551082007, 342.8938276759068, 702.8938276759068], [1968.9025971699182, 2933.3597451680844, 23.81304082526494, 0, 280.6320849745314, 157.26775510820067, 517.2677551082006], [-3304.8521307359833, -1982.7294849159946, 0.859445288994984, 1, 853.1173315575791, 707.9107228787033, 1067.9107228787034], [1681.9022136052536, 3771.7406773322136, 1.0676185640101201, 1, 182.05885927428412, 100.63208497453138, 460.6320849745314], [477.56822321025396, 2808.2477353438653, 0.8800768526498092, 1, 0.0, 2.058859274284117, 362.05885927428415], [-3968.462445344168, -2845.903267335451, 0.5613263298662644, 1, 697.0614007028316, 673.1173315575791, 1033.117331557579], [3900.375418080088, 3280.5650196168763, 0.06772270198556979, 1, 138.08639874478658, 194.78987677053465, 554.7898767705346], [-782.6823025141509, -2799.8675279691274, 0.36930156224855376, 1, 522.8938276759068, 564.5980756520768, 924.5980756520768], [459.26823997833276, -2097.5581310396165, 0.2875083930452235, 1, 0.0, 0.0, 248.61798256191258], [-1419.0703891928406, -3038.0719760731104, 23.43091345001793, 0, 744.5980756520768, 608.0271088446224, 968.0271088446224]], "truck_vel": 15.6464, "drone_vel": 31.2928, "truck_cap": 400.0, "drone_cap": 2.27, "drone_lim": 700.0, "truck_num": 1, "drone_num": 1, "close": 1775.8214457574065}