{"requests": [[1787.8866451467225, 2863.717941053499, 0.24253652761603545, 1, 57.74603265596578, 0.0, 297.15841061317053], [3043.1522841795327, -1792.004710946488, 0.6545099485195238, 1, 207.80772471186881, 181.8806559779681, 541.8806559779681], [357.25195373693276, 264.5716849930684, 0.6279350627360772, 1, 604.117223070724, 469.9988157037569, 829.9988157037569], [782.3734363272736, -955.1717387416446, 1.0855495246784284, 1, 125.97856502324497, 27.807724711868815, 387.8077247118688], [272.6944152763678, 1786.3407934442869, 0.4472998138957363, 1, 0.0, 0.0, 237.7460326559658], [-3984.7866540509726, 1212.9307989069575, 0.17179351081374777, 1, 281.7744073183099, 163.35570870356162, 523.3557087035616], [1067.4928421241964, 369.03262909961444, 0.14841049003014375, 1, 404.810618433098, 424.117223070724, 784.117223070724], [512.2587166111622, -3826.4030160996194, 0.037030675855409416, 1, 343.3557087035616, 379.1923306632807, 739.1923306632807], [1521.3412273799986, 3137.1491838401125, 0.5939898216253884, 1, 117.15841061317052, 0.0, 309.3609684578023], [3.1930602170885023, -1971.1084335123269, 1.0970382467508808, 1, 0.0, 0.0, 305.978565023245], [-3245.9142453627574, 2992.70450965313, 0.4470152572550198, 1, 129.36096845780227, 101.7744073183099, 461.7744073183099], [3611.6552652377572, -1434.2556412405588, 0.8961788822141076, 1, 361.8806559779681, 224.810618433098, 584.8106184330979]], "truck_vel": 15.6464, "drone_vel": 31.2928, "truck_cap": 400.0, "drone_cap": 2.27, "drone_lim": 700.0, "truck_num": 1, "drone_num": 1, "close": 1299.9976314075138}