{"requests": [[3725.7068013139656, -4453.525926239148, 0.9715450641269747, 1, 0.0, 191.1041100360939, 551.104110036094], [-1991.0507810154097, -3285.8588753025588, 8.701139879710043, 0, 676.7747765298807, 785.1027219326329, 1145.102721932633], [-464.9681160015737, 7503.570404718872, 0.9266564850123657, 1, 679.438729651144, 739.684497594503, 1099.684497594503], [-3832.3315323743013, -6054.897406534519, 0.1453679405487507, 1, 225.32026810281857, 117.26866650995572, 477.2686665099557], [4378.668962259596, -1037.327612742071, 0.6754097107716054, 1, 1038.2407607302946, 899.6343452357503, 1259.6343452357503], [4270.730708506177, 1275.614799102178, 1.1263295498695796, 1, 777.03459977178, 814.0294119463497, 1174.0294119463497], [-3907.9170830656035, -7723.2837951050205, 0.03176977454444634, 1, 297.2686665099557, 170.63869721526413, 530.6386972152641], [-402.6998250866976, -2382.539626335788, 1.0753047202359716, 1, 965.1027219326329, 901.8868070626393, 1261.8868070626393], [7098.969829900159, -7462.786361093503, 0.8947292334117851, 1, 334.35278664676406, 170.2917772205385, 530.2917772205385], [2534.4548538422678, 7505.675019800447, 0.8049932322214883, 1, 919.684497594503, 835.5347797111522, 1195.5347797111522], [-4686.596233137974, 2595.6469165702683, 1.8159672456853033, 1, 0.0, 162.4036429341295, 522.4036429341295], [7543.256004643216, -7236.099488499942, 1.0559517854514102, 1, 230.95748927435784, 154.35278664676406, 514.3527866467641], [-108.5672129695775, 3997.3901074846217, 0.7955421981750982, 1, 669.5768766347582, 617.3655102062132, 977.3655102062132], [1861.5450009479407, -959.493425900137, 1.1143060577037236, 1, 1079.6343452357503, 980.1105909919947, 1340.1105909919947], [3538.4220241843627, -51.50714544610324, 0.27593528089787595, 1, 925.1541437776683, 858.2407607302946, 1218.2407607302946], [-5443.152075625875, -4481.887515720071, 0.9710046552828957, 1, 0.0, 45.320268102818574, 405.32026810281855], [5359.601335982752, -4848.570207662969, 0.20415450094298168, 1, 0.0, 50.95748927435784, 410.95748927435784], [-1340.4849588871284, -7246.1255775122545, 0.1168540439254937, 1, 350.63869721526413, 254.08906706034384, 614.0890670603438], [7594.6164451659315, 583.4568350808555, 1.0262879405804164, 1, 371.1041100360939, 597.03459977178, 957.03459977178], [-6403.428606783692, -2346.3383753162266, 1.0928081819734807, 1, 342.4036429341295, 496.7747765298807, 856.7747765298807]], "truck_vel": 15.6464, "drone_vel": 31.2928, "truck_cap": 400.0, "drone_cap": 2.27, "drone_lim": 700.0, "truck_num": 2, "drone_num": 2, "close": 2320.2211819839895}