{"requests": [[3721.381775435554, 3732.111412864171, 7.182900011392527, 0, 500.27503099230523, 555.6405936116225, 915.6405936116225], [-210.60768375178796, -2984.970822677348, 0.13581674451514983, 1, 741.3001224591565, 709.5723963922484, 1069.5723963922483], [2818.683908563699, 7302.385094803339, 15.187965139057571, 0, 0.0, 320.27503099230523, 680.2750309923052], [3286.8436724919143, 1182.891496923854, 0.6195383754095426, 1, 0.0, 0.0, 291.6300948667629], [-993.2103138145084, -7558.348563472719, 0.7778661529669674, 1, 497.68734161681, 561.3001224591565, 921.3001224591565], [6084.064394064231, 535.073829843365, 11.924834059665004, 0, 735.6405936116225, 809.7142965731864, 1169.7142965731864], [-7447.4640771182185, 6912.0073219811775, 1.0927888455058237, 1, 745.4031859438961, 784.2798884411866, 1144.2798884411866], [4899.773682802023, 3500.45838662853, 0.3802316315756805, 1, 1172.3630329689793, 1005.6742242226874, 1365.6742242226874], [5279.774974100694, -6602.291586243266, 0.44990789138994786, 1, 111.63009486676285, 188.43744918963148, 548.4374491896315], [-2180.7970827348227, 2533.1206928699835, 0.8897431787145067, 1, 638.5881867988114, 565.4031859438961, 925.4031859438961], [1451.098918718917, 4240.870832603436, 0.6814894211206143, 1, 245.79229536328143, 174.45113088225082, 534.4511308822508], [-6547.698161750711, -765.5977373055964, 0.9204991047379489, 1, 789.6797461460545, 738.2271081589761, 1098.227108158976], [-5917.809561599182, -4336.5727783874245, 0.8417767267582608, 1, 365.0868073464603, 310.1109707069056, 670.1109707069056], [4514.235354505242, 3658.1589656626156, 0.4742538605437859, 1, 1024.2971876409279, 992.3630329689793, 1352.3630329689793], [-3975.7910790331844, -4101.632672472593, 0.23452122673527426, 1, 0.0, 185.08680734646032, 545.0868073464603], [996.5538064224903, 7610.591208744221, 0.37459647680483454, 1, 145.80875254826947, 65.79229536328143, 425.7922953632814], [-5838.220512271631, -2729.351432586826, 0.38661259218964056, 1, 490.1109707069056, 412.95831900421865, 772.9583190042187], [-4758.424898976671, 153.0113955614185, 0.6522162971382603, 1, 592.9583190042187, 609.6797461460545, 969.6797461460545], [350.2921530441566, 4549.29796006279, 1.064229960920963, 1, 0.0, 0.0, 325.80875254826947], [734.0647934646631, 978.8570627714553, 0.12429437856310548, 1, 985.1979530602156, 844.2971876409279, 1204.2971876409279]], "truck_vel": 15.6464, "drone_vel": 31.2928, "truck_cap": 400.0, "drone_cap": 2.27, "drone_lim": 700.0, "truck_num": 2, "drone_num": 2, "close": 2371.3484484453747}