{"requests": [[3670.923619808127, 2670.813942213255, 18.46690286579906, 0, 359.8771125222548, 229.56881556157612, 589.5688155615761], [-896.6402140957586, 5889.85533883516, 17.344053153688762, 0, 93.00148120334053, 296.0235901915652, 656.0235901915652], [-7152.241832013864, 4955.222106610626, 0.14148172904103884, 1, 201.36398634418262, 100.01511135207795, 460.01511135207795], [5876.889487873639, -207.70295072269892, 0.8596200591267189, 1, 566.0758133010975, 540.1195589545175, 900.1195589545175], [6072.931944941638, 2194.5410641007566, 0.46121803490491853, 1, 409.5688155615761, 386.07581330109747, 746.0758133010975], [417.28896696567546, 2624.362681697448, 0.014300996812686805, 1, 0.0, 0.0, 349.83659414660065], [-461.9797271630794, 629.6669173718643, 0.6195711823441198, 1, 0.0, 0.0, 204.95668629072432], [-2976.1011791916235, 7761.836003913374, 0.5868988291532385, 1, 476.0235901915652, 474.84684840706404, 834.846848407064], [-5215.231197272404, 3436.8138005957044, 0.1742390588462886, 1, 24.956686290724328, 21.36398634418262, 381.36398634418265], [7181.529924181887, -7199.816158916481, 0.3665192887235284, 1, 0.0, 144.96790183544505, 504.96790183544505], [3319.476489750464, 1977.2828665765878, 0.7686488696206086, 1, 169.83659414660067, 179.87711252225478, 539.8771125222547], [-4643.697089427011, -378.94597179113765, 0.4741978579102619, 1, 698.1241279929498, 667.0124747420712, 1027.0124747420712], [1410.2285852738187, 358.7241685881084, 0.6251926795253222, 1, 0.0, 0.0, 273.0014812033405], [-2088.9758284009254, 3886.1023348429953, 15.985317099794827, 0, 654.846848407064, 728.9606158844987, 1088.9606158844986], [4918.787464945978, -3072.8983535000693, 14.426395345271708, 0, 809.8732601510866, 766.7271356105871, 1126.727135610587], [6388.390695722388, -1515.5590841953676, 26.71481417568095, 0, 720.1195589545175, 629.8732601510866, 989.8732601510866], [-7732.274928952055, -4827.46748197437, 0.24733031776812178, 1, 1006.1293931575956, 847.1579496704098, 1207.1579496704098], [-7083.12427995813, -4719.6562926709985, 0.09422921185942641, 1, 847.0124747420712, 826.1293931575956, 1186.1293931575956], [7029.108505146416, 7901.7104453577485, 0.3729070057074925, 1, 649.9358036708901, 807.8952796802164, 1167.8952796802164], [-7191.114521804557, 7586.005039512823, 0.5427601969484066, 1, 280.01511135207795, 184.09420016618077, 544.0942001661808]], "truck_vel": 15.6464, "drone_vel": 31.2928, "truck_cap": 400.0, "drone_cap": 2.27, "drone_lim": 700.0, "truck_num": 2, "drone_num": 2, "close": 2054.3158993408197}