{"requests": [[7344.7301105811675, -115.46367497570559, 0.9084520431842777, 1, 550.7953613354948, 605.5342672342673, 965.5342672342673], [-13709.17550662013, -9878.747864206256, 0.6697071383867306, 1, 725.6162086256354, 921.4652552233126, 1281.4652552233126], [15693.214826388526, 10044.568072912067, 1.0275500254331413, 1, 4042.5839733914936, 4120.475557870248, 4480.475557870248], [7007.661852756009, -15969.53183708431, 1.079556575207249, 1, 3884.6389920304173, 4200.413487753729, 4560.413487753729], [-5730.74992606732, -12721.43771759875, 0.04907254290805207, 1, 1200.4168254098995, 1601.8889412276208, 1961.8889412276208], [10354.62198368575, -4986.514150306127, 0.25245596051393326, 1, 3327.1345959844184, 3450.674972650977, 3810.674972650977], [1435.7390213296114, -8497.527069853968, 1.021884836622073, 1, 0.0, 95.39768066774741, 455.3976806677474], [11970.68180981737, 11601.673492390772, 2.7741836314480603, 0, 2977.14946576022, 3862.5839733914936, 4222.583973391494], [12240.20036303414, 6299.964258084351, 0.7005061784861072, 1, 4300.475557870248, 4446.023891807676, 4806.023891807676], [-14680.239180331966, -11084.595940005756, 1.0942559732258557, 1, 1101.4652552233126, 1020.4168254098995, 1380.4168254098995], [-8181.776961863436, -7871.183224455139, 0.9281557338304048, 1, 0.0, 545.6162086256354, 905.6162086256354], [10835.508438868364, 5657.373875368625, 0.5193487458488761, 1, 4626.023891807676, 4544.749140279984, 4904.749140279984], [-4035.6477704923955, -15184.442752495286, 0.9877744920658554, 1, 1781.8889412276208, 1792.9836339004091, 2152.983633900409], [15511.454614286382, -6035.163591355843, 0.4022023096287789, 1, 2092.5055677795845, 2976.2755638340805, 3336.2755638340805], [14847.050811657684, -3445.713022315811, 0.14315544853530895, 1, 3156.2755638340805, 3147.1345959844184, 3507.1345959844184], [-2245.289356461031, 10365.0961751733, 22.02002041529522, 0, 0.0, 497.8233898702979, 857.8233898702979], [-7999.335292401189, -338.8138275857044, 0.18651094838669588, 1, 0.0, 75.8578123091157, 435.85781230911573], [-1158.6892393508251, -3643.137234057779, 1.0497551218226313, 1, 785.5342672342673, 899.7271388370536, 1259.7271388370536], [8158.833205040684, -8298.339699398895, 0.3602596543288979, 1, 3630.674972650977, 3704.6389920304173, 4064.6389920304173], [-8411.624963521812, 12955.212640679829, 0.10961145348678576, 1, 677.8233898702979, 925.2845518459253, 1285.2845518459253]], "truck_vel": 15.6464, "drone_vel": 31.2928, "truck_cap": 400.0, "drone_cap": 2.27, "drone_lim": 700.0, "truck_num": 2, "drone_num": 2, "close": 9449.498280559968}