{"requests": [[7347.61394078747, -5572.555234377915, 0.02136211113060561, 1, 103.32120278193806, 159.4754540712686, 519.4754540712686], [6561.729414951251, 649.5935939171679, 0.7207091776739812, 1, 0.0, 30.713168153070484, 390.71316815307046], [13504.113796425474, 10178.691452982193, 21.56050314638616, 0, 1298.3234154573793, 1431.4448288345238, 1791.4448288345238], [2261.544729764735, 663.1422272767717, 0.16551310818539725, 1, 0.0, 0.0, 255.31333705257327], [8579.43625798208, 2354.8433958423766, 0.7709070509111855, 1, 210.71316815307048, 115.1346028109457, 475.1346028109457], [-12312.133486939158, -15221.753184386454, 0.4906109242151798, 1, 0.0, 1071.2657086643276, 1431.2657086643276], [3795.4370173646867, 13932.412505169026, 0.2902184909000264, 1, 828.6593962293199, 761.7817453947629, 1121.7817453947628], [-2293.2335423613117, 7679.674497334095, 0.672287554926766, 1, 1908.607382952739, 1984.7288044796092, 2344.728804479609], [2724.0636002337883, 5726.300914977294, 3.565163968181646, 0, 0.0, 225.28287124789165, 585.2828712478916], [-11536.737729407005, -7769.559562178548, 0.6880126577281829, 1, 1251.2657086643276, 1550.125045759927, 1910.125045759927], [9184.293096772202, 12489.867338315853, 29.63074051137088, 0, 941.7817453947629, 1118.3234154573793, 1478.3234154573793], [-1228.3884637885503, 12072.639214698826, 0.5644996337874905, 1, 3150.504904354164, 3085.7358605187933, 3445.7358605187933], [-10891.752711532425, 1100.4661578332027, 0.21637633840162612, 1, 634.16806758137, 803.9995066004585, 1163.9995066004585], [3014.0608853746166, 12344.268627223017, 0.2375597086820914, 1, 405.28287124789165, 648.6593962293199, 1008.6593962293199], [-12330.273786197286, -745.6293376314837, 0.912946799922843, 1, 1730.125045759927, 2001.8975551609706, 2361.8975551609706], [14919.43989563316, -8425.489960883357, 17.32522665490949, 0, 2135.1798551462107, 2659.1855971186405, 3019.1855971186405], [-534.1212065189644, 8977.306829156636, 0.12569159590288864, 1, 1333.830945619547, 1441.219164286143, 1801.219164286143], [11848.871040455997, 2153.038117226437, 0.871301048683455, 1, 1611.4448288345238, 1955.1798551462107, 2315.1798551462107], [2259.4498794092287, -213.29980989258706, 0.3476123198479221, 1, 75.31333705257327, 0.0, 283.32120278193804], [-2441.020403813816, 10738.416161575407, 0.8104427269227839, 1, 2181.8975551609706, 2970.504904354164, 3330.504904354164]], "truck_vel": 15.6464, "drone_vel": 31.2928, "truck_cap": 400.0, "drone_cap": 2.27, "drone_lim": 700.0, "truck_num": 2, "drone_num": 2, "close": 6531.471721037587}