{"requests": [[7330.313837273827, -5016.805877964633, 0.807981618964544, 1, 716.3117086307908, 872.4717953958791, 1232.471795395879], [13683.500844764347, 1853.1453247973152, 0.4146968912576215, 1, 0.0, 702.5298891280768, 1062.5298891280768], [-5548.078105313434, 9373.949733699366, 1.1331286110631045, 1, 0.0, 168.09140341242602, 528.091403412426], [-1448.553971149708, -2572.5016792690417, 1.1138539610093625, 1, 696.182806824852, 610.5271830509544, 970.5271830509544], [-12908.080846314335, 8457.559592919784, 0.975819952199528, 1, 850.4141045063603, 1273.7246759573381, 1633.7246759573381], [-5058.799703948322, 14002.882938578294, 0.1956611589053195, 1, 2074.4977629203163, 2232.493878215997, 2592.493878215997], [-10362.750958845763, 8099.976014272436, 4.9145513372392635, 0, 1453.7246759573381, 1438.000479411371, 1798.000479411371], [-13270.139510806424, -975.1329711879421, 0.41612136070856504, 1, 0.0, 670.4141045063603, 1030.4141045063602], [-4552.7158229640845, 9168.28049399894, 0.3371306140822515, 1, 0.0, 147.1178791458176, 507.1178791458176], [1789.0540446639395, 4527.02217085821, 0.8575125507142195, 1, 790.5271830509544, 859.8786684192867, 1219.8786684192867], [1548.2737041997625, -13116.036997551479, 0.13062139588380497, 1, 1088.6860254866322, 1985.3166291350817, 2345.3166291350817], [6781.394870635732, 5767.845260234816, 8.826149935846864, 0, 3633.684322624868, 3621.3684590319917, 3981.3684590319917], [-1941.9225856715375, -48.58634489636765, 0.30884534487509535, 1, 654.2357582916352, 536.3117086307908, 896.3117086307908], [13624.822779224518, -1371.9222861466656, 0.09143531436221619, 1, 882.5298891280768, 908.6860254866322, 1268.6860254866322], [-10200.326678688172, 15240.668074641851, 0.8301187084952582, 1, 1618.000479411371, 1894.4977629203163, 2254.4977629203163], [8491.463903447313, 7757.6239777324245, 0.5591501565900417, 1, 3093.534407162798, 3453.684322624868, 3813.684322624868], [-13138.608119915796, -14732.618550159483, 13.987903351262998, 0, 2165.3166291350817, 2929.6605258096324, 3289.6605258096324], [-1822.8887199021735, -437.21399047886933, 0.8080455551089881, 1, 1520.261966940063, 1621.6851015803456, 1981.6851015803456], [5468.952231301427, 15650.064210414446, 0.42349636052901474, 1, 2412.493878215997, 2913.534407162798, 3273.534407162798], [-6077.847282441094, -8147.602086073861, 0.0073951369996519585, 1, 1195.4324847838475, 1340.261966940063, 1700.261966940063]], "truck_vel": 15.6464, "drone_vel": 31.2928, "truck_cap": 400.0, "drone_cap": 2.27, "drone_lim": 700.0, "truck_num": 2, "drone_num": 2, "close": 7602.7369180639835}