{"requests": [[7338.96388903065, 10798.719443828724, 0.4146718734963843, 1, 0.0, 654.4744281367041, 1014.4744281367041], [10122.615129857797, 1251.369699167589, 0.5677030429146107, 1, 696.9111564634144, 842.8541771879737, 1202.8541771879736], [-12115.38215444398, 9776.320353530431, 0.38939344954655525, 1, 2908.2330203265756, 3140.0153687728107, 3500.0153687728107], [-15686.90438088214, 15138.72051381421, 0.6396835261485705, 1, 2588.599511665473, 2728.2330203265756, 3088.2330203265756], [-2164.322294166128, -10687.19850561892, 0.8733635100041662, 1, 0.0, 168.4555782317072, 528.4555782317072], [-8685.466115823045, 15483.964877095921, 0.9101260331114402, 1, 2181.5163243080583, 2276.7451337715797, 2636.7451337715797], [-3283.656970740539, 11016.194739341425, 0.21725754496378524, 1, 2881.2310307009448, 3435.9157319311157, 3795.9157319311157], [8311.712993795434, -12741.129476737271, 1.111194466266475, 1, 1389.9749140922477, 1410.5720842354146, 1770.5720842354146], [-914.3261113651481, 7447.290944298464, 0.7819519561040887, 1, 1348.7971979125332, 1408.5714683598942, 1768.5714683598942], [11219.557917818118, 14472.131304339828, 0.7727626211188199, 1, 1031.6835723614613, 1000.6147308634215, 1360.6147308634215], [-10727.116599514018, 15780.315170382182, 0.6091420054108125, 1, 2456.7451337715797, 2408.599511665473, 2768.599511665473], [2776.5027238028933, -7173.157282912481, 0.42904695307402885, 1, 1854.890041249983, 2209.6317645878476, 2569.6317645878476], [9676.562111587667, -15567.460093531583, 0.2626108331895514, 1, 1243.582287451555, 1209.9749140922477, 1569.9749140922477], [8319.44159248922, -10607.226589651476, 0.7314875115221536, 1, 644.0909948412782, 714.0190534099067, 1074.0190534099067], [4828.099527746923, -8845.880391684468, 0.8715327626578598, 1, 0.0, 464.0909948412782, 824.0909948412782], [-4387.947860649415, 15759.467008424534, 1.6993323787842916, 1, 1180.6147308634215, 2001.5163243080583, 2361.5163243080583], [9257.035576592969, 13215.744379308922, 0.30814968714954766, 1, 834.4744281367041, 851.6835723614613, 1211.6835723614613], [5012.991160276913, -15235.487936626212, 0.27268330189622153, 1, 1590.5720842354146, 1674.890041249983, 2034.890041249983], [-12229.198704834324, 7718.38196045058, 11.235503712937872, 0, 3320.0153687728107, 3271.7442881950683, 3631.7442881950683], [11833.965917062198, -14797.992962249227, 0.9759089404100273, 1, 894.0190534099067, 1063.582287451555, 1423.582287451555]], "truck_vel": 15.6464, "drone_vel": 31.2928, "truck_cap": 400.0, "drone_cap": 2.27, "drone_lim": 700.0, "truck_num": 2, "drone_num": 2, "close": 7231.831463862231}