{"requests": [[1865.0159135961878, 1727.1183673287649, 0.5782353017611961, 1, 102.76323756186937, 0.0, 344.129813895677], [-1885.7468192343426, -1793.3734639638851, 0.44182903093150955, 1, 0.0, 0.0, 263.16132637943565], [-1874.3101901885962, 3852.3779772223747, 0.18292134039343527, 1, 196.74871804947932, 48.07256958167693, 408.07256958167693], [2570.946511474568, 1400.3566051932066, 0.8051775056879588, 1, 164.129813895677, 33.846616195675665, 393.84661619567567], [-3171.4260007383236, 2741.846549089116, 0.5729532685762436, 1, 102.8055612246416, 0.0, 314.36336618847633], [1228.6987512844069, 1008.077884180495, 0.706814440973319, 1, 80.92515309969788, 0.0, 282.76323756186935], [-184.18504450649533, -3132.5872162852625, 3.8779248765940157, 0, 180.00882123166275, 25.8147965956627, 385.8147965956627], [-2852.58666648771, 3913.9310604447737, 0.6363978257938815, 1, 173.2417832923881, 16.748718049479322, 376.7487180494793], [-3587.617657150186, 3885.0593121229563, 0.2055705585360035, 1, 134.3633661884763, 0.0, 353.2417832923881], [3624.853515114852, -1807.585206729372, 0.72024328572847, 1, 169.75482872734563, 110.68874852415809, 470.6887485241581], [2634.5543075025685, 475.211500268552, 0.504550657072248, 1, 232.2168551423211, 98.93199762254926, 458.93199762254926], [2770.405085518573, 1193.3996199632047, 0.057424466164871873, 1, 213.84661619567567, 52.216855142321094, 412.2168551423211], [2850.337687735187, -1881.0233834164926, 0.7493076864895541, 1, 290.6887485241581, 135.5503676146642, 495.5503676146642], [-395.57279620985497, -2788.5727888262713, 0.620378254863661, 1, 0.0, 0.008821231662750506, 360.00882123166275], [-2520.382316393871, 1999.3091907901946, 0.31734931816285894, 1, 0.0, 0.0, 282.80556122464156], [2105.271021162881, -240.4831200921828, 0.4334328337609566, 1, 278.93199762254926, 155.82341183548192, 515.8234118354819], [232.01171202373962, -3483.8943714643824, 0.021696409696322676, 1, 83.16132637943566, 0.0, 349.7548287273456], [1038.7274906012076, 724.0687247070358, 0.7154718076103459, 1, 0.0, 0.0, 260.92515309969787], [-627.2296313561451, -1691.1921449505382, 0.9883459033422516, 1, 364.97754165184733, 242.61889604128356, 602.6188960412835], [1276.2392362943237, -2835.7670266071286, 0.9273419684862372, 1, 205.8147965956627, 121.06241204442313, 481.0624120444231]], "truck_vel": 15.6464, "drone_vel": 31.2928, "truck_cap": 400.0, "drone_cap": 2.27, "drone_lim": 700.0, "truck_num": 2, "drone_num": 2, "close": 845.2377920825671}