{"requests": [[1865.73675124259, 362.8454774782118, 22.75226512905474, 0, 482.01059515030016, 400.14350824671874, 760.1435082467187], [3181.9794111585034, 838.711900566971, 0.4928310702187601, 1, 526.5784227764702, 424.14417344717765, 784.1441734471776], [-2421.5855675845332, 3885.9088222399064, 1.068989619887919, 1, 0.0, 0.0, 326.3175504135503], [1384.4172307267488, -2488.174878716521, 1.0251140386661073, 1, 279.7484841581917, 205.34908408135993, 565.3490840813599], [406.1205452740268, -1535.783292455777, 0.1608077934769958, 1, 575.3412668181293, 451.3754838542724, 811.3754838542724], [3608.7096438178323, -1550.731874339587, 0.9449693877769467, 1, 401.0609685633971, 346.57842277647023, 706.5784227764702], [405.7394545022735, 2474.897677470486, 14.418542618676392, 0, 505.3734543126229, 371.8186088382796, 731.8186088382796], [1628.1343755624457, 2933.4313116806056, 0.11210218868064521, 1, 264.25795265554757, 113.84868493574976, 473.84868493574976], [2080.0481521497254, 3741.6435962513647, 0.7318376612782035, 1, 206.22764696058215, 84.25795265554757, 444.25795265554757], [-3635.9712420590818, -978.8259923673963, 0.3139999533331784, 1, 415.9003949700476, 300.3382815905151, 660.3382815905152], [-1070.6281778385223, -2481.2258590387005, 0.6640575381796631, 1, 480.3382815905151, 395.34126681812927, 755.3412668181293], [-245.56926005082974, 2797.215954795756, 3.8214547202289504, 0, 439.55624173455834, 325.3734543126229, 685.3734543126229], [1136.3113325700049, 2190.203844165631, 1.111889515927706, 1, 112.46834899167179, 26.22764696058215, 386.22764696058215], [-3519.9211085326224, 1806.28514591327, 0.4557356539169737, 1, 146.31755041355026, 41.47366130929606, 401.47366130929606], [-1268.0134658576123, 2674.33023186645, 1.087140652652774, 1, 277.3430933275311, 259.55624173455834, 619.5562417345584], [-1650.2466658135713, 3108.5705857039998, 0.2542422322195165, 1, 0.0, 0.0, 292.4683489916718], [2098.31535339947, -1154.864207278798, 29.819234898967906, 0, 385.34908408135993, 302.01059515030016, 662.0105951503001], [-3756.0825593522595, 2173.11256252809, 15.203843757709423, 0, 0.0, 97.34309332753111, 457.3430933275311], [-2102.0757025743565, 330.06758761568955, 0.975698551963657, 1, 347.90291647183165, 235.9003949700476, 595.9003949700476], [2768.890376221323, -3389.9662662884084, 14.08184249564495, 0, 0.0, 99.74848415819167, 459.7484841581917]], "truck_vel": 15.6464, "drone_vel": 31.2928, "truck_cap": 400.0, "drone_cap": 2.27, "drone_lim": 700.0, "truck_num": 2, "drone_num": 2, "close": 1262.7509677085447}