{"requests": [[1863.5743582085586, -3591.035733064954, 0.08445513207330274, 1, 258.70025911918714, 126.56841945180543, 486.5684194518054], [-3974.4991601148595, 989.1559268795764, 0.33982495235700844, 1, 105.52934941541558, 0.0, 313.75382634368725], [-779.7594353967238, 3785.3161672821398, 0.678744781404468, 1, 127.08615689588424, 0.0, 357.978974608856], [-3102.6950469349686, 1130.719692917838, 0.36530445662928046, 1, 0.0, 0.0, 285.5293494154156], [-2279.8189728578513, 3250.4063520840723, 0.26326423567235774, 1, 70.79987301473285, 0.0, 307.08615689588424], [-3531.323513403139, -1921.0023589689933, 7.17319825555564, 0, 223.81451612091703, 160.5190602842868, 520.5190602842868], [-1364.0340425240329, 1745.8429962032387, 0.4340834288223997, 1, 0.0, 0.0, 250.79987301473284], [-3767.32875058802, -2171.7695619320625, 0.5510090831227353, 1, 133.75382634368725, 54.981818015223325, 414.9818180152233], [1170.4507242499915, -3874.8090163235147, 0.287016336153985, 1, 0.0, 78.70025911918714, 438.70025911918714], [2053.1027896523733, -3465.1033956429746, 11.581227818163965, 0, 306.5684194518054, 141.1118382398131, 501.1118382398131], [1998.2193980899224, -1658.6139010221177, 0.18553691175503684, 1, 410.27507981375607, 280.0296440741115, 640.0296440741115], [755.6537766573787, -2014.2332895122456, 1.1011026902876433, 1, 454.29709746675076, 343.0449619753607, 703.0449619753607], [-1768.3098417447966, -1976.7777186755657, 0.024144027613250112, 1, 340.5190602842868, 273.2539843613772, 633.2539843613772], [-2193.575931753971, -3931.588658305353, 0.949663456757036, 1, 234.98181801522333, 130.4260180909613, 490.4260180909613], [3021.57986262844, 649.2673484480302, 1.045726615387791, 1, 353.2020655091644, 271.96436780366133, 631.9643678036614], [1569.6062752106109, 1108.1098280309739, 0.7918140537414555, 1, 177.97897460885602, 111.80307891217456, 471.80307891217456], [-3500.595690632894, -95.25493964589963, 4.88936088963037, 0, 0.0, 43.814516120917034, 403.814516120917], [2581.6475905081415, -2174.018950935073, 29.2303347918839, 0, 321.1118382398131, 230.27507981375607, 590.2750798137561], [2322.462151364755, 2312.9881501066566, 1.013640589201822, 1, 451.96436780366133, 329.6339252009592, 689.6339252009592], [-1709.0630435596731, -1727.3685472445684, 18.41705728901073, 0, 453.2539843613772, 289.637919382508, 649.637919382508]], "truck_vel": 15.6464, "drone_vel": 31.2928, "truck_cap": 400.0, "drone_cap": 2.27, "drone_lim": 700.0, "truck_num": 2, "drone_num": 2, "close": 1046.0899239507214}