{"requests": [[3709.848373093126, -6626.322109716625, 0.5237141646387984, 1, 0.0, 62.68043631598857, 422.6804363159886], [-827.2266506062733, 3181.863824449649, 0.8617803795242891, 1, 519.9836224333643, 668.80285345131, 1028.80285345131], [-4518.310532722009, 6765.890855091806, 7.729708871578585, 0, 0.0, 339.9836224333643, 699.9836224333643], [6177.911205215619, -974.2045207101374, 1.1280061960724481, 1, 798.4848366972061, 698.8853556300646, 1058.8853556300646], [6139.644949987881, -3489.870858944101, 0.6730900213514242, 1, 572.8040504494985, 618.4848366972061, 978.4848366972061], [190.6872358052517, -6804.168594973237, 0.7745849829511053, 1, 242.68043631598857, 175.28308456670425, 535.2830845667042]], "truck_vel": 15.6464, "drone_vel": 31.2928, "truck_cap": 400.0, "drone_cap": 2.27, "drone_lim": 700.0, "truck_num": 1, "drone_num": 1, "close": 1757.7707112601292}