{"requests": [[3705.5235870250635, 1559.3149895763443, 0.9170239101069583, 1, 0.0, 0.0, 308.4718786693512], [953.2162068470022, 3482.7516372645136, 0.7087742278672998, 1, 128.47187866935124, 55.77443899658289, 415.7744389965829], [-1234.6585081567373, 6564.705305365925, 0.9954805382943577, 1, 661.1211831757876, 531.9450584493876, 891.9450584493876], [-2796.3135899181657, 6263.58486236893, 0.4681966140356212, 1, 547.0797362123994, 481.12118317578756, 841.1211831757876], [767.7656739137758, 6082.50819032525, 0.7755464466491672, 1, 351.1633470345134, 367.07973621239944, 727.0797362123994], [2004.020681552962, -7544.709564232051, 0.06012007494974693, 1, 0.0, 318.92160525547706, 678.9216052554771]], "truck_vel": 15.6464, "drone_vel": 31.2928, "truck_cap": 400.0, "drone_cap": 2.27, "drone_lim": 700.0, "truck_num": 1, "drone_num": 1, "close": 1423.8901168987752}