{"requests": [[7399.5137717077, -7239.803783238454, 1.0634435876287902, 1, 0.0, 150.81656872215387, 510.8165687221539], [-14803.585833729438, -2961.062078343975, 0.5047660369230601, 1, 4245.0358049107435, 5029.910936185957, 5389.910936185957], [6287.088542400816, 12592.916610830664, 0.8531474034188046, 1, 2869.6725426039434, 3165.4601198992495, 3525.4601198992495], [13391.840832508062, 10370.07346729352, 0.7224305328158832, 1, 1160.4097909521263, 2689.6725426039434, 3049.6725426039434], [8668.387091250637, -15953.305675010533, 0.1561683977390143, 1, 0.0, 980.4097909521263, 1340.4097909521263], [-1885.3357951530559, -6335.261553280703, 0.24148023704237961, 1, 661.6331374443077, 692.8588321052307, 1052.8588321052307]], "truck_vel": 15.6464, "drone_vel": 31.2928, "truck_cap": 400.0, "drone_cap": 2.27, "drone_lim": 700.0, "truck_num": 1, "drone_num": 1, "close": 10419.821872371915}