{"requests": [[7408.1638234645225, 8575.722018175598, 0.6701338421606303, 1, 912.2943467230433, 1609.7502252056895, 1969.7502252056895], [13822.327971743318, -3562.8381835943974, 0.6577721716824305, 1, 0.0, 732.2943467230433, 1092.2943467230434], [-280.21598635042216, 12995.287230661725, 0.10941224190225539, 1, 1789.7502252056895, 2176.53431765971, 2536.53431765971], [-846.5095772243626, -4105.504339623224, 0.24826009795509146, 1, 0.0, 0.0, 313.9562599535527], [-12774.65483622185, -2911.264253169934, 0.053711938646033575, 1, 2356.53431765971, 3469.288365507774, 3829.288365507774], [-5512.002686648472, -4854.180094383772, 0.9559451281461192, 1, 133.9562599535527, 104.95526355099389, 464.9552635509939]], "truck_vel": 15.6464, "drone_vel": 31.2928, "truck_cap": 400.0, "drone_cap": 2.27, "drone_lim": 700.0, "truck_num": 1, "drone_num": 1, "close": 7298.576731015548}