{"requests": [[1855.6451440981389, 3369.266055291133, 21.323810893730315, 0, 314.6144509401118, 154.1335994558982, 514.1335994558982], [-3392.587094910291, -3823.6827232443184, 0.9127824188115398, 1, 0.0, 0.0, 343.3529250791298], [-2806.4306437569417, 3416.4762725634328, 0.0038336562722921675, 1, 360.7846177046292, 244.042985548422, 604.0429855484219], [1902.4264417651648, 3671.066255735202, 0.21396271215297788, 1, 206.88265147689808, 134.6144509401118, 494.6144509401118], [-1399.3309789937096, 2024.134609077883, 0.2609445293545576, 1, 163.35292507912985, 180.78461770462923, 540.7846177046292], [2475.3546303412254, 2085.8058240881246, 1.012739929754733, 1, 0.0, 26.882651476898076, 386.8826514768981]], "truck_vel": 15.6464, "drone_vel": 31.2928, "truck_cap": 400.0, "drone_cap": 2.27, "drone_lim": 700.0, "truck_num": 1, "drone_num": 1, "close": 848.085971096844}