{"requests": [[1859.970050071376, 3230.3285962826385, 1.117964724751188, 1, 92.76398489217401, 0.0, 313.16408348377786], [2873.6700476364344, 3922.129224130469, 0.08481470522789934, 1, 145.92129052647724, 0.0, 356.79978278403746], [1956.6172117726119, 3617.661702384138, 0.7843233670344313, 1, 133.16408348377786, 0.0, 325.92129052647726], [2829.9511169937755, -3566.722767628344, 0.399601842431394, 1, 0.0, 110.99574083016273, 470.99574083016273], [3972.548297080394, 498.455559808532, 0.05603162806621501, 1, 176.79978278403746, 111.7048811894062, 471.7048811894062], [662.0210646883426, 2826.3467933469387, 0.17370971196221216, 1, 0.0, 0.0, 272.763984892174]], "truck_vel": 15.6464, "drone_vel": 31.2928, "truck_cap": 400.0, "drone_cap": 2.27, "drone_lim": 700.0, "truck_num": 1, "drone_num": 1, "close": 583.4097623788124}