{"problem":"12.5.3","tabu_size":3,"reset_after":180,"iterations":2013,"solution":{"truck_routes":[[[0,7,6,4,3,10,12,0]]],"drone_routes":[[[0,11,1,9,2,0],[0,8,5,0]]],"truck_working_time":[1002.3354515127002],"drone_working_time":[1011.0698275268996],"working_time":1011.0698275268996,"energy_violation":0.0,"capacity_violation":0.0,"waiting_time_violation":0.0,"fixed_time_violation":0.0,"feasible":true},"config":{"customers_count":12,"trucks_count":1,"drones_count":1,"x":[0.0,1787.1659274054944,-2024.573946213312,904.5274510380428,1968.9025971699182,-3304.8521307359833,1681.9022136052536,477.56822321025396,-3968.462445344168,3900.375418080088,-782.6823025141509,459.26823997833276,-1419.0703891928406],"y":[0.0,-3818.7090491907743,3622.609924522655,231.04083997553775,2933.3597451680844,-1982.7294849159946,3771.7406773322136,2808.2477353438653,-2845.903267335451,3280.5650196168763,-2799.8675279691274,-2097.5581310396165,-3038.0719760731104],"demands":[0.0,1.1296264596697076,0.6035078923346545,0.8758467663439748,23.81304082526494,0.859445288994984,1.0676185640101201,0.8800768526498092,0.5613263298662644,0.06772270198556979,0.36930156224855376,0.2875083930452235,23.43091345001793],"dronable":[true,true,true,true,false,true,true,true,true,true,true,true,false],"distances":[[0.0,4216.2187863594845,4149.964135861391,933.5683046344178,3532.870905045218,3853.993229935078,4129.7485145191,2848.565735749159,4883.427033051442,5096.570930527436,2907.2065218771104,2147.2488047134184,3353.1540527218094],[4216.2187863594845,0.0,8360.776813949944,4144.819036431725,6754.51413655281,5412.898379322627,7591.179585566127,6755.116754795814,5837.260406595895,7407.114597164128,2764.445327762221,2173.861253927439,3299.9008406010885],[4149.964135861391,8360.776813949944,0.0,4481.336391148919,4052.5202914103193,5749.690611221677,3709.4750982769688,2631.330692097012,6754.28496661901,5934.814208247193,6541.445672208487,6236.16826182395,6688.147571524455],[933.5683046344178,4144.819036431725,4481.336391148919,0.0,2904.3797818233575,4756.012564620329,3625.0333598098123,2612.3341217695247,5763.12550355785,4274.892134761664,3468.8733455343463,2370.7865641694425,4010.7612154277085],[3532.870905045218,6754.51413655281,4052.5202914103193,2904.3797818233575,0.0,7209.744950291828,886.1443491794431,1496.5731622463095,8285.661386742746,1962.431848630609,6359.332860105197,5252.5356323931255,6865.592309318212],[3853.993229935078,5412.898379322627,5749.690611221677,4756.012564620329,7209.744950291828,0.0,7614.567994247022,6104.110619819702,1088.7826359336764,8922.867984659639,2651.2365461793956,3765.8714506999654,2160.99989596927],[4129.7485145191,7591.179585566127,3709.4750982769688,3625.0333598098123,886.1443491794431,7614.567994247022,0.0,1542.3161185963484,8701.714322907943,2272.1964892378774,7018.5619069065315,5995.290012620052,7482.618489391508],[2848.565735749159,6755.116754795814,2631.330692097012,2612.3341217695247,1496.5731622463095,6104.110619819702,1542.3161185963484,0.0,7192.816713000965,3455.241338933611,5747.97252900471,4905.839998209162,6146.274659837535],[4883.427033051442,5837.260406595895,6754.28496661901,5763.12550355785,8285.661386742746,1088.7826359336764,8701.714322907943,7192.816713000965,0.0,9972.573539056597,3186.1127424730357,4490.525522114766,2556.624467649755],[5096.570930527436,7407.114597164128,5934.814208247193,4274.892134761664,1962.431848630609,8922.867984659639,2272.1964892378774,3455.241338933611,9972.573539056597,0.0,7674.808765054705,6384.780907346058,8259.641467994585],[2907.2065218771104,2764.445327762221,6541.445672208487,3468.8733455343463,6359.332860105197,2651.2365461793956,7018.5619069065315,5747.97252900471,3186.1127424730357,7674.808765054705,0.0,1426.7724552334432,679.5080249438461],[2147.2488047134184,2173.861253927439,6236.16826182395,2370.7865641694425,5252.5356323931255,3765.8714506999654,5995.290012620052,4905.839998209162,4490.525522114766,6384.780907346058,1426.7724552334432,0.0,2100.6480663205652],[3353.1540527218094,3299.9008406010885,6688.147571524455,4010.7612154277085,6865.592309318212,2160.99989596927,7482.618489391508,6146.274659837535,2556.624467649755,8259.641467994585,679.5080249438461,2100.6480663205652,0.0]],"truck":{"V_max (m/s)":15.6464,"M_t (kg)":400.0},"drone":{"config":"Endurance","_data":{"speed_type":"high","range_type":"high","capacity [kg]":2.27,"FixedTime (s)":700.0,"V_max (m/s)":31.2928}},"problem":"problems/data/12.5.3.txt","config":"endurance","tabu_size_factor":0.5,"speed_type":"high","range_type":"high","waiting_time_limit":3600.0,"strategy":"random","fix_iteration":null,"reset_after_factor":30.0,"max_elite_size":10,"penalty_exponent":0.4,"verbose":false,"outputs":"outputs/","disable_logging":true,"extra":"https://github.com/Serious-senpai/min-timespan-delivery-v2/actions/runs/14262331507"},"last_improved":34,"elapsed":0.049165}