{"problem":"10.10.3","tabu_size":2,"reset_after":150,"iterations":1240,"solution":{"truck_routes":[[[0,4,5,1,10,3,8,0]]],"drone_routes":[[[0,6,0],[0,9,0],[0,2,7,0]]],"truck_working_time":[1818.1502668036474],"drone_working_time":[1690.033854499617],"working_time":1818.1502668036474,"energy_violation":0.0,"capacity_violation":0.0,"waiting_time_violation":0.0,"fixed_time_violation":0.0,"feasible":true},"config":{"customers_count":10,"trucks_count":1,"drones_count":1,"x":[0.0,3741.5652295348036,-3154.874671614199,3588.374300718864,2250.8254902254316,2617.692734720963,-7742.625339172207,-7022.978104872689,1612.7638194477609,3040.417394687861,3730.312114498494],"y":[0.0,-2280.729502951324,6339.8186647555785,-7852.149566033366,4957.809228020406,1415.2156334599583,-6738.001567012059,2987.5833879007673,-7860.132660285409,5475.465971248728,-6448.424902149916],"demands":[0.0,8.61135424671696,0.849845412819989,0.4675876101445416,8.907773747656394,18.890490727742428,0.34409413368567243,1.055279904011458,0.977952728887991,1.0137674480640777,0.8722367448494691],"dronable":[true,false,true,true,false,false,true,true,true,true,true],"distances":[[0.0,4381.898838688135,7081.421813137246,8633.231314485762,5444.822102593697,2975.7604981920817,10263.961820849125,7632.029609558771,8023.88263714052,6262.975773242564,7449.658528432117],[4381.898838688135,0.0,11039.689036468142,5573.525722555211,7390.44977860847,3863.0428208811372,12318.843584989432,11984.594858160834,5971.727977366195,7787.822322081567,4167.710591331785],[7081.421813137246,11039.689036468142,0.0,15712.522679907057,5579.564886524582,7587.769730067529,13859.178842994626,5118.5647912062195,14978.951712819855,6255.297703991217,14523.944732962893],[8633.231314485762,5573.525722555211,15712.522679907057,0.0,12879.599416356394,9318.06205406189,11385.64353047006,15169.0675517073,1975.626610344697,13338.875240456751,1410.8824454841176],[5444.822102593697,7390.44977860847,5579.564886524582,12879.599416356394,0.0,3561.5391267406367,15383.791783327877,9480.781770588856,12833.813032287031,944.1524661845452,11501.784979022397],[2975.7604981920817,3863.0428208811372,7587.769730067529,9318.06205406189,3561.5391267406367,0.0,13183.745344563898,9768.053777114283,9329.628507879466,4082.1965831716075,7941.962248559439],[10263.961820849125,12318.843584989432,13859.178842994626,11385.64353047006,15383.791783327877,13183.745344563898,0.0,9752.173852893604,9422.445781203247,16292.415410503208,11476.591325854233],[7632.029609558771,11984.594858160834,5118.5647912062195,15169.0675517073,9480.781770588856,9768.053777114283,9752.173852893604,0.0,13865.387915436833,10366.36333190679,14306.344850867015],[8023.88263714052,5971.727977366195,14978.951712819855,1975.626610344697,12833.813032287031,9329.628507879466,9422.445781203247,13865.387915436833,0.0,13411.800236816494,2544.9812526327582],[6262.975773242564,7787.822322081567,6255.297703991217,13338.875240456751,944.1524661845452,4082.1965831716075,16292.415410503208,10366.36333190679,13411.800236816494,0.0,11943.83222777104],[7449.658528432117,4167.710591331785,14523.944732962893,1410.8824454841176,11501.784979022397,7941.962248559439,11476.591325854233,14306.344850867015,2544.9812526327582,11943.83222777104,0.0]],"truck":{"V_max (m/s)":15.6464,"M_t (kg)":400.0},"drone":{"config":"Endurance","_data":{"speed_type":"high","range_type":"high","capacity [kg]":2.27,"FixedTime (s)":700.0,"V_max (m/s)":31.2928}},"problem":"problems/data/10.10.3.txt","config":"endurance","tabu_size_factor":0.5,"speed_type":"high","range_type":"high","waiting_time_limit":3600.0,"strategy":"random","fix_iteration":null,"reset_after_factor":30.0,"max_elite_size":10,"penalty_exponent":0.4,"verbose":false,"outputs":"outputs/","disable_logging":true,"extra":"https://github.com/Serious-senpai/min-timespan-delivery-v2/actions/runs/14262331507"},"last_improved":341,"elapsed":0.01971}