{"problem":"20.20.1","tabu_size":2,"reset_after":150,"iterations":1822,"solution":{"truck_routes":[[[0,15,14,20,13,8,18,12,0],[0,7,0]],[[0,1,17,10,16,6,11,4,3,19,0]]],"drone_routes":[[[0,5,0],[0,2,0],[0,9,0]],[]],"truck_working_time":[4350.600433161287,4375.996152509832],"drone_working_time":[1828.3457388072552,-0.0],"working_time":4375.996152509832,"energy_violation":0.0,"capacity_violation":0.0,"waiting_time_violation":0.0,"fixed_time_violation":0.0,"feasible":true},"config":{"customers_count":20,"trucks_count":2,"drones_count":2,"x":[0.0,7338.96388903065,10122.615129857797,-12115.38215444398,-15686.90438088214,-2164.322294166128,-8685.466115823045,-3283.656970740539,8311.712993795434,-914.3261113651481,11219.557917818118,-10727.116599514018,2776.5027238028933,9676.562111587667,8319.44159248922,4828.099527746923,-4387.947860649415,9257.035576592969,5012.991160276913,-12229.198704834324,11833.965917062198],"y":[0.0,10798.719443828724,1251.369699167589,9776.320353530431,15138.72051381421,-10687.19850561892,15483.964877095921,11016.194739341425,-12741.129476737271,7447.290944298464,14472.131304339828,15780.315170382182,-7173.157282912481,-15567.460093531583,-10607.226589651476,-8845.880391684468,15759.467008424534,13215.744379308922,-15235.487936626212,7718.38196045058,-14797.992962249227],"demands":[0.0,0.4146718734963843,0.5677030429146107,0.38939344954655525,0.6396835261485705,0.8733635100041662,0.9101260331114402,0.21725754496378524,1.111194466266475,0.7819519561040887,0.7727626211188199,0.6091420054108125,0.42904695307402885,0.2626108331895514,0.7314875115221536,0.8715327626578598,1.6993323787842916,0.30814968714954766,0.27268330189622153,11.235503712937872,0.9759089404100273],"dronable":[true,true,true,true,true,true,true,true,true,true,true,true,true,true,true,true,true,true,true,false,true],"distances":[[0.0,13056.520692398126,10199.66975892949,15567.881178987493,21800.454762465815,10904.150718489167,17753.604985023474,11495.17070932775,15212.526195021364,7503.2082902551765,18311.773927212187,19081.126209324313,7691.758757311962,18329.802728428705,13480.592135920768,10077.705341684576,16358.93904925986,16135.321724884921,16039.020326693813,14461.214369814536,18947.91136344498],[13056.520692398126,0.0,9944.87814794327,19481.192978847568,23431.30851810995,23493.76765038199,16695.325146591378,10624.846795818014,23559.93904966421,8907.798202591757,5343.497423336574,18740.31910617826,18541.963352498395,26469.601221900175,21428.389162866304,19804.412198755348,12733.007326803343,3085.6131541982413,26137.905483482038,19809.125834105875,25988.396049611696],[10199.66975892949,9944.87814794327,0.0,23816.030460089998,29308.52794024858,17131.79039219833,23586.239328110794,16585.534049299928,14109.195573599987,12657.152603886549,13266.190896442527,25412.62618645111,11177.567819261438,16824.74365007958,11994.904782742531,11401.155856237006,20519.29155298365,11995.644603348215,17260.496279465657,23268.55881416635,16140.345825122378],[15567.881178987493,19481.192978847568,23816.030460089998,0.0,6442.911336729173,22754.762060755416,6658.943612869556,8918.332703653288,30402.33153976598,11440.630859758576,23802.732378065444,6162.404969797724,22562.203513292676,33424.48267726387,28862.96948605818,25176.733944453976,9772.987499167426,21647.39885757744,30314.546448066667,2061.0833648484086,34314.255754602375],[21800.454762465815,23431.30851810995,29308.52794024858,6442.911336729173,0.0,29151.986544492825,7009.94518165524,13070.4156429081,36786.13422733938,16654.943937216565,26914.718178081785,5001.113729915077,28960.616235318597,39826.81207434983,35201.68233547449,31561.471226277044,11315.995080269371,25017.953110036804,36757.01585283689,8186.400478153262,40664.54371690642],[10904.150718489167,23493.76765038199,17131.79039219833,22754.762060755416,29151.986544492825,0.0,26971.375744434845,21732.238459569053,10675.483492036088,18177.51902945454,28497.72141794888,27818.17259463683,6063.022148489048,12807.165833113868,10484.068901837794,7230.796313841855,26539.981678057226,26491.47210277438,8497.10334005311,20977.777037974836,14589.403822955768],[17753.604985023474,16695.325146591378,23586.239328110794,6658.943612869556,7009.94518165524,26971.375744434845,0.0,7010.02938964651,32947.83830492127,11179.389288820388,19930.724747454336,2063.0463382790117,25391.374800394322,36074.29934635927,31143.49303342016,27830.87902323371,4306.340044390039,18085.30318266555,33635.28672272078,8535.942753891602,36579.284595739075],[11495.17070932775,10624.846795818014,16585.534049299928,8918.332703653288,13070.4156429081,21732.238459569053,7010.02938964651,0.0,26436.018204758868,4283.783726970886,14909.283673101216,8837.529899617914,19172.325433103855,29574.61720691033,24539.850167414832,21454.664341379725,4870.122194379578,12732.124260524137,27531.53126016813,9534.059263557649,29915.126750036863],[15212.526195021364,23559.93904966421,14109.195573599987,30402.33153976598,36786.13422733938,10675.483492036088,32947.83830492127,26436.018204758868,0.0,22196.669044395938,27368.177221749233,34292.12500038128,7851.169790816968,3138.6235629280477,2133.9168828121815,5225.756233832499,31202.009323566588,25974.081988864236,4135.62448263274,28991.734367907786,4078.8421216680667],[7503.2082902551765,8907.798202591757,12657.152603886549,11440.630859758576,16654.943937216565,18177.51902945454,11179.389288820388,4283.783726970886,22196.669044395938,0.0,14020.681999023258,12873.622253150163,15079.115486495339,25334.673447360237,20278.759069342726,17275.49954138599,9008.79120515794,11693.231102614289,23444.43532695187,11318.119638238422,25639.259071294822],[18311.773927212187,5343.497423336574,13266.190896442527,23802.732378065444,26914.718178081785,28497.72141794888,19930.724747454336,14909.283673101216,27368.177221749233,14020.681999023258,0.0,21985.62865594453,23233.675969045933,30079.19359639009,25246.482271305507,24178.097729307352,15660.506691672166,2330.23647838507,30349.038071774718,24401.994126473994,29276.572063189033],[19081.126209324313,18740.31910617826,25412.62618645111,6162.404969797724,5001.113729915077,27818.17259463683,2063.0463382790117,8837.529899617914,34292.12500038128,12873.622253150163,21985.62865594453,0.0,26630.990077224218,37403.1164335635,32543.413144580976,29127.55150415067,6339.203021331251,20148.036170809002,34781.18794208361,8200.671785440602,38000.46542575384],[7691.758757311962,18541.963352498395,11177.567819261438,22562.203513292676,28960.616235318597,6063.022148489048,25391.374800394322,19172.325433103855,7851.169790816968,15079.115486495339,23233.675969045933,26630.990077224218,0.0,10866.238504253648,6520.5063687938,2647.0836867339835,24025.70725420335,21394.03227649772,8366.782900033566,21140.695740727813,11839.58439448504],[18329.802728428705,26469.601221900175,16824.74365007958,33424.48267726387,39826.81207434983,12807.165833113868,36074.29934635927,29574.61720691033,3138.6235629280477,25334.673447360237,30079.19359639009,37403.1164335635,10866.238504253648,0.0,5142.537556146067,8287.775522731466,34339.289486103655,28786.261692670523,4675.3715928116235,31970.186066228853,2290.517593470935],[13480.592135920768,21428.389162866304,11994.904782742531,28862.96948605818,35201.68233547449,10484.068901837794,31143.49303342016,24539.850167414832,2133.9168828121815,20278.759069342726,25246.482271305507,32543.413144580976,6520.5063687938,5142.537556146067,0.0,3910.4743755881896,29269.101079612294,23841.414141509256,5688.006465940184,27533.15359344735,5469.406185109245],[10077.705341684576,19804.412198755348,11401.155856237006,25176.733944453976,31561.471226277044,7230.796313841855,27830.87902323371,21454.664341379725,5225.756233832499,17275.49954138599,24178.097729307352,29127.55150415067,2647.0836867339835,8287.775522731466,3910.4743755881896,0.0,26274.676975087965,22501.794640892025,6392.2820255489405,23776.589542354006,9192.921620334446],[16358.93904925986,12733.007326803343,20519.29155298365,9772.987499167426,11315.995080269371,26539.981678057226,4306.340044390039,