{"problem":"12.20.2","tabu_size":3,"reset_after":180,"iterations":540,"solution":{"truck_routes":[[[0,9,3,7,8,0],[0,1,4,2,12,5,11,0]]],"drone_routes":[[[0,6,0],[0,10,0]]],"truck_working_time":[8615.090910921224],"drone_working_time":[1162.1860187677848],"working_time":8615.090910921224,"energy_violation":0.0,"capacity_violation":0.0,"waiting_time_violation":0.0,"fixed_time_violation":0.0,"feasible":true},"config":{"customers_count":12,"trucks_count":1,"drones_count":1,"x":[0.0,7128.480255522729,10939.371203009166,-13244.981067623687,8911.628331135806,15356.488668330943,4460.899067278151,-14607.61307940451,-12586.839438401712,-14345.940508456466,7051.561592710079,9021.78446794664,14397.398680309843],"y":[0.0,-9261.995280947604,5165.650450468044,-14.70221907149137,-8134.878990234562,15282.318103213687,-9826.761654005371,15157.414875455874,16070.37749795144,-15048.897479024488,-2217.924756666958,10016.412097582515,7314.45280191334],"demands":[0.0,0.5353758826596994,0.24649356663104433,0.34326877608735207,13.186958447942946,10.108100033023446,0.5345138349990133,0.3318413064993734,0.8294557727612998,0.919772932097314,0.945044787629882,0.30494027598617485,0.534971744909956],"dronable":[true,true,true,true,false,false,true,true,true,true,true,true,true],"distances":[[0.0,11687.591169170535,12097.676921361677,13244.989227513759,12066.2080082378,21664.97151690695,10791.888856593801,21050.643353215615,20412.877307591127,20791.231911706476,7392.138467454468,13480.397111905888,16148.879482837363],[11687.591169170535,0.0,14922.461297147673,22373.876625608827,2109.5042527459727,25886.74259039097,2726.7105552319226,32691.976781028854,32100.201576356965,22240.48075466283,7044.4904735352075,19371.153602543825,18100.160389068213],[12097.676921361677,14922.461297147673,0.0,24732.9526852511,13454.212149265002,11038.926175066157,16332.26934396455,27431.437480568602,25930.593111692422,32372.44100063713,8344.593843043089,5216.035606052211,4071.2781260119427],[13244.989227513759,22373.876625608827,24732.9526852511,0.0,23597.72469633744,32435.21083324624,20242.892622009003,15233.184274129271,16098.538440091308,15074.453184270134,20415.77413454893,24421.959418724848,28597.51163039527],[12066.2080082378,2109.5042527459727,13454.212149265002,23597.72469633744,0.0,24287.884726327076,4761.455442207468,33101.14303242344,32374.041423596067,24263.514996630278,6202.434656933623,18151.62534125098,16394.374923971605],[21664.97151690695,25886.74259039097,11038.926175066157,32435.21083324624,24287.884726327076,0.0,27371.148295403276,29964.362071716914,27954.438346891347,42452.52569280513,19370.862497219478,8237.611508593312,8025.380431156418],[10791.888856593801,2726.7105552319226,16332.26934396455,20242.892622009003,4761.455442207468,27371.148295403276,0.0,31429.55984966169,31004.631983203,19518.39945800797,8037.781488133139,20360.580054942868,19813.00728268113],[21050.643353215615,32691.976781028854,27431.437480568602,15233.184274129271,33101.14303242344,29964.362071716914,31429.55984966169,0.0,2217.4370020917586,30207.445747544087,27767.28785475435,24182.190513120728,30046.676376401345],[20412.877307591127,32100.201576356965,25930.593111692422,16098.538440091308,32374.041423596067,27954.438346891347,31004.631983203,2217.4370020917586,0.0,31168.9542921688,26835.215564907485,22440.657837836963,28369.26724697019],[20791.231911706476,22240.48075466283,32372.44100063713,15074.453184270134,24263.514996630278,42452.52569280513,19518.39945800797,30207.445747544087,31168.9542921688,0.0,24949.688518522824,34268.35733944597,36418.38798613128],[7392.138467454468,7044.4904735352075,8344.593843043089,20415.77413454893,6202.434656933623,19370.862497219478,8037.781488133139,27767.28785475435,26835.215564907485,24949.688518522824,0.0,12391.964188188744,12034.431620848634],[13480.397111905888,19371.153602543825,5216.035606052211,24421.959418724848,18151.62534125098,8237.611508593312,20360.580054942868,24182.190513120728,22440.657837836963,34268.35733944597,12391.964188188744,0.0,6016.461767153044],[16148.879482837363,18100.160389068213,4071.2781260119427,28597.51163039527,16394.374923971605,8025.380431156418,19813.00728268113,30046.676376401345,28369.26724697019,36418.38798613128,12034.431620848634,6016.461767153044,0.0]],"truck":{"V_max (m/s)":15.6464,"M_t (kg)":400.0},"drone":{"config":"Endurance","_data":{"speed_type":"high","range_type":"high","capacity [kg]":2.27,"FixedTime (s)":700.0,"V_max (m/s)":31.2928}},"problem":"problems/data/12.20.2.txt","config":"endurance","tabu_size_factor":0.5,"speed_type":"high","range_type":"high","waiting_time_limit":3600.0,"strategy":"random","fix_iteration":null,"reset_after_factor":30.0,"max_elite_size":10,"penalty_exponent":0.4,"verbose":false,"outputs":"outputs/","disable_logging":true,"extra":"https://github.com/Serious-senpai/min-timespan-delivery-v2/actions/runs/14262331507"},"last_improved":1,"elapsed":0.018793}