{"problem":"20.5.3","tabu_size":2,"reset_after":150,"iterations":2145,"solution":{"truck_routes":[[[0,18,6,1,4,12,11,16,0]],[[0,14,7,20,0]]],"drone_routes":[[[0,15,5,9,8,3,0],[0,19,0]],[[0,2,17,10,13,0]]],"truck_working_time":[471.25147107941547,499.81231236662194],"drone_working_time":[480.26025043071974,424.6830027435992],"working_time":499.81231236662194,"energy_violation":0.0,"capacity_violation":0.0,"waiting_time_violation":0.0,"fixed_time_violation":0.0,"feasible":true},"config":{"customers_count":20,"trucks_count":2,"drones_count":2,"x":[0.0,1865.0159135961878,-1885.7468192343426,-1874.3101901885962,2570.946511474568,-3171.4260007383236,1228.6987512844069,-184.18504450649533,-2852.58666648771,-3587.617657150186,3624.853515114852,2634.5543075025685,2770.405085518573,2850.337687735187,-395.57279620985497,-2520.382316393871,2105.271021162881,232.01171202373962,1038.7274906012076,-627.2296313561451,1276.2392362943237],"y":[0.0,1727.1183673287649,-1793.3734639638851,3852.3779772223747,1400.3566051932066,2741.846549089116,1008.077884180495,-3132.5872162852625,3913.9310604447737,3885.0593121229563,-1807.585206729372,475.211500268552,1193.3996199632047,-1881.0233834164926,-2788.5727888262713,1999.3091907901946,-240.4831200921828,-3483.8943714643824,724.0687247070358,-1691.1921449505382,-2835.7670266071286],"demands":[0.0,0.5782353017611961,0.44182903093150955,0.18292134039343527,0.8051775056879588,0.5729532685762436,0.706814440973319,3.8779248765940157,0.6363978257938815,0.2055705585360035,0.72024328572847,0.504550657072248,0.057424466164871873,0.7493076864895541,0.620378254863661,0.31734931816285894,0.4334328337609566,0.021696409696322676,0.7154718076103459,0.9883459033422516,0.9273419684862372],"dronable":[true,true,true,true,true,true,true,false,true,true,true,true,true,true,true,true,true,true,true,true,true],"distances":[[0.0,2541.8934306401206,2602.3507541264044,4284.139909997428,2927.5868196471124,4192.334120381028,1589.3148341287463,3137.9972591214464,4843.1505278834575,5288.164739548976,4050.546541595019,2677.069735581766,3016.51238863617,3415.0657245627353,2816.490020519088,3217.0738662904646,2118.961586154282,3491.611293663341,1266.1873154591128,1803.7593746377502,3109.7204404012514],[2541.8934306401206,0.0,5144.131006514961,4301.079878343511,777.8889755066995,5137.64736424408,960.1659999492873,5274.084084094442,5199.8003671667575,5864.121586226671,3948.564009887434,1469.5101712776707,1050.9925089760463,3740.2601369508347,5049.923557112459,4393.83721591692,1982.2154600378358,5460.893378030532,1299.561904465928,4230.382324884353,4600.715280684965],[2602.3507541264044,5144.131006514961,0.0,5645.763024794846,5482.884933921507,4713.93588464557,4189.0214690001085,2165.365084142091,5788.61850743098,5927.981371553532,5510.618660237877,5057.627904098964,5531.777654154724,4736.895498692879,1791.937586832626,3845.4133632065323,4282.48664007944,2709.7531502726765,3858.7647197242222,1262.6585184206194,3329.375340029689],[4284.139909997428,4301.079878343511,5645.763024794846,0.0,5076.683558443354,1707.568294051448,4209.359513054148,7186.533361961115,980.2110212267529,1713.6191367970955,7891.513460763781,5633.392625372431,5351.966544809506,7429.279152955913,6803.594002983507,1962.4660811103556,5708.640694565793,7632.659034035603,4274.588554361029,5682.11048992063,7393.053853514217],[2927.5868196471124,777.8889755066995,5482.884933921507,5076.683558443354,0.0,5896.985445004256,1398.3960972109703,5304.557434833038,5977.689242052552,6640.908082551116,3376.6271101504763,927.3291847459508,287.4281066547928,3293.2528082460485,5132.968563214163,5126.438669610467,1705.6402511525291,5415.396901341831,1674.8314617353583,4448.146166110876,4429.560966089294],[4192.334120381028,5137.64736424408,4713.93588464557,1707.568294051448,5896.985445004256,0.0,4729.381737265678,6590.339945280474,1214.6771681501245,1216.614530749291,8178.43166863031,6232.739508773234,6140.280494401561,7591.611445054503,6187.964048560677,987.5320791722868,6061.173295379375,7095.296912357184,4668.706434249912,5111.239304594362,7133.82781264727],[1589.3148341287463,960.1659999492873,4189.0214690001085,4209.359513054148,1398.3960972109703,4729.381737265678,0.0,4375.082638605083,5010.0771793780295,5610.1627322994955,3697.230895378248,1503.4548307324922,1552.8047419979325,3313.0980931212616,4129.505344813363,3877.905150364932,1525.5436820066143,4601.21720849098,341.68740472892,3275.748594085911,3844.1388887373582],[3137.9972591214464,5274.084084094442,2165.365084142091,7186.533361961115,5304.557434833038,6590.339945280474,4375.082638605083,0.0,7534.838222581982,7799.404871301822,4032.915207887393,4578.373413531472,5238.679694716653,3282.4899451844008,403.7706129352887,5638.63267345267,3688.6142628156567,544.6434222739992,4045.90040852648,1507.9483603906374,1490.2822903574856],[4843.1505278834575,5199.8003671667575,5788.61850743098,980.2110212267529,5977.689242052552,1214.6771681501245,5010.0771793780295,7534.838222581982,0.0,735.5978079667036,8642.510034809206,6475.608719030322,6246.545250118613,8130.488496788867,7138.660589230372,1943.2284049953741,6468.346777534628,8015.146179435366,5031.6545579082485,6030.723014819248,7912.371806344541],[5288.164739548976,5864.121586226671,5927.981371553532,1713.6191367970955,6640.908082551116,1216.614530749291,5610.1627322994955,7799.404871301822,735.5978079667036,0.0,9188.359049839839,7095.243904033109,6904.309168533134,8642.625681732237,7397.737208976511,2166.805204134828,7030.581900786927,8300.063066550241,5603.117964120951,6313.3570765306,8296.18047991217],[4050.546541595019,3948.564009887434,5510.618660237877,7891.513460763781,3376.6271101504763,8178.43166863031,3697.230895378248,4032.915207887393,8642.510034809206,9188.359049839839,0.0,2488.3434903722764,3120.255125607299,777.9896738753902,4138.37702016386,7228.856643946162,2182.874230428296,3784.360965417694,3619.021890404114,4253.6758726227545,2563.814908570197],[2677.069735581766,1469.5101712776707,5057.627904098964,5633.392625372431,927.3291847459508,6232.739508773234,1503.4548307324922,4578.373413531472,6475.608719030322,7095.243904033109,2488.3434903722764,0.0,730.9238053026419,2366.094946167396,4453.533220982509,5375.522799378887,890.1458233412297,4631.0614578820205,1615.113973593429,3915.6786407741924,3578.770548401128],[3016.51238863617,1050.9925089760463,5531.777654154724,5351.966544809506,287.4281066547928,6140.280494401561,1552.8047419979325,5238.679694716653,6246.545250118613,6904.309168533134,3120.255125607299,730.9238053026419,0.0,3075.4619205263066,5087.191780536123,5351.81479206689,1580.6400715517332,5321.702735107166,1794.1512706515991,4456.993529221299,4297.291641350729],[3415.0657245627353,3740.2601369508347,4736.895498692879,7429.279152955913,3293.2528082460485,7591.611445054503,3313.0980931212616,3282.4899451844008,8130.488496788867,8642.625681732237,777.9896738753902,2366.094946167396,3075.4619205263066,0.0,3370.3977203060144,6625.829325390258,1801.8037332699041,3069.987999880606,3173.0799545815585,3482.744658729605,1841.0109611410392],[2816.490020519088,5049.923557112459,1791.937586832626,6803.594002983507,5132.968563214163,6187.964048560677,4129.505344813363,403.7706129352887,7138.660589230372,7397.737208976511,4138.37702016386,4453.533220982509,5087.191780536123,3370.3977203060144,0.0,5238.1895104893565,3570.291410907636,936.661314594112,3794.1886768245804,1121.5654982314293,1672.4780321742553],[3217.0738662904646,4393.83721591692,3845.4133632065323,1962.4660811103556,5126.438669610467,987.5320791722868,3877.905150364932,5638.63267345267,1943.2284049953741,2166.805204134828,7228.856643946162,5375.522799378887,5351.81479206689,6625.829325390258,5238.1895104893565,0.0,5139.390858373951,6135.241983230181,3780.6746573309556,4147.749654688634,6147.544000849261],[2118.961586154282,1982.2154600378358,4282.48664007944,5708.640694565793,1705.6402511525291,6061.173295379375,1525.5436820066143,3688.6142628156567,6468.346777534628,7030.581900786927,2182.874230428296,890.1458233412297,